Source,Target,Weight
Nicki Nicole,Mon Laferte,1
Duki,CA7RIEL,2
The Kid LAROI,G Herbo,1
Flume,Vera Blue,1
Gigi D'Agostino,VIZE,1
will.i.am,Britney Spears,1
Bonez MC,RAF Camora,6
Regi,Camille,2
Henri PFR,Famba,1
Alvaro Soler,Topic,1
TINI,Greeicy,1
Mau y Ricky,Prince Royce,1
Mau y Ricky,Piso 21,1
Prince Royce,Piso 21,1
Pabllo Vittar,Rina Sawayama,1
Diego & Arnaldo,Os Barões Da Pisadinha,1
Major Lazer,Diplo,6
Alok,Luis Fonsi,1
Alok,Lunay,1
Alok,Lenny Tavárez,1
Luis Fonsi,Lunay,1
Luis Fonsi,Lenny Tavárez,1
Lunay,Lenny Tavárez,2
Gloria Groove,MC Hariel,1
Alok,Mc Davi,2
Alok,MC Hariel,1
Mc Davi,MC Hariel,2
Orochi,MC Cabelinho,1
Orochi,Mc Don Juan,1
MC Cabelinho,Mc Don Juan,1
Hungria Hip Hop,Kawe,1
Fernando & Sorocaba,Guilherme & Benuto,1
Alok,Dynoro,1
L7NNON,Papatinho,2
Mc Don Juan,MC Hariel,3
Mc Don Juan,Mc Davi,2
Mc Don Juan,Mc Pedrinho,2
MC Hariel,Mc Davi,2
MC Hariel,Mc Pedrinho,1
Mc Davi,Mc Pedrinho,3
Lady Gaga,Pabllo Vittar,1
MC Hariel,Mc Don Juan,4
Diego & Arnaldo,Diego & Victor Hugo,1
Lucas Lucco,Guilherme & Benuto,1
Marcos & Belutti,Dilsinho,1
Mc Davi,Mc Don Juan,4
Guilherme & Benuto,Os Barões Da Pisadinha,1
MC Cabelinho,L7NNON,1
MC Cabelinho,Filipe Ret,2
L7NNON,Filipe Ret,2
Guilherme & Benuto,Dilsinho,1
Costa Gold,MC Caverinha,1
Costa Gold,L7NNON,1
Costa Gold,Papatinho,1
MC Caverinha,L7NNON,1
MC Caverinha,Papatinho,1
Orochi,Papatinho,1
Alok,Vintage Culture,1
Alok,FAULHABER,1
Vintage Culture,FAULHABER,1
MEDUZA,Alok,1
Dilsinho,Malibu,1
Rashid,Emicida,1
Diego & Victor Hugo,Maiara & Maraisa,1
Tribo da Periferia,Hungria Hip Hop,1
WC no Beat,Marginal Supply,1
MC Maneirinho,Neo Beats,1
Filipe Ret,L7NNON,2
Filipe Ret,Anitta,1
Filipe Ret,MC Cabelinho,1
Filipe Ret,MC Maneirinho,1
MC Cabelinho,MC Maneirinho,1
MC Cabelinho,Neo Beats,3
Kawe,WIU,1
Filipe Ret,MC Hariel,1
Pineapple StormTv,L7NNON,2
Pineapple StormTv,Xamã,3
Pineapple StormTv,Lourena,2
Pineapple StormTv,Filipe Ret,3
L7NNON,Xamã,1
L7NNON,Lourena,1
Xamã,Lourena,2
Xamã,Filipe Ret,1
Lourena,Filipe Ret,1
Maverick Sabre,Jorja Smith,1
Maverick Sabre,Vintage Culture,1
Jorja Smith,Vintage Culture,1
Pineapple StormTv,MC Cabelinho,2
Pineapple StormTv,Orochi,2
Pineapple StormTv,JayA Luuck,1
Pineapple StormTv,Pk,1
MC Cabelinho,Orochi,2
MC Cabelinho,JayA Luuck,1
MC Cabelinho,Pk,1
Orochi,JayA Luuck,1
Orochi,Pk,1
JayA Luuck,Pk,1
MC Hariel,Perera DJ,1
Mc Don Juan,Perera DJ,1
BONES UK,League of Legends,1
PVRIS,League of Legends,1
Polo G,Lil Tjay,3
Roddy Ricch,21 Savage,1
Roddy Ricch,Kodak Black,1
21 Savage,Kodak Black,1
dvsn,Ty Dolla $ign,2
Tory Lanez,DaBaby,3
The Weeknd,KAYTRANADA,1
KAYTRANADA,H.E.R.,1
Loud Luxury,GASHI,1
Ty Dolla $ign,24kGoldn,1
bbno$,Diplo,1
Avril Lavigne,Machine Gun Kelly,1
Felix Cartal,Kiiara,1
Loud Luxury,Thutmose,1
Loud Luxury,Frank Walker,1
Loud Luxury,Stephen Puth,1
Frank Walker,Stephen Puth,1
Masked Wolf,DDG,1
Masked Wolf,G-Eazy,1
DDG,G-Eazy,1
DVBBS,Quinn XCII,1
Majid Jordan,Drake,1
bbno$,Rebecca Black,1
Mora,Jhay Cortez,4
Wisin,Ozuna,4
Wisin,Reik,1
Wisin,Miky Woodz,1
Ozuna,Reik,1
Ozuna,Miky Woodz,1
Reik,Miky Woodz,1
Ceaese,DrefQuila,1
Chencho Corleone,Juhn,2
Omy de Oro,Juhn,1
Denise Rosenthal,Lola Indigo,1
Kevin Roldan,De La Ghetto,1
Kevin Roldan,Lyanno,2
Kevin Roldan,Miky Woodz,1
Kevin Roldan,KEVVO,1
De La Ghetto,Lyanno,2
De La Ghetto,Miky Woodz,1
De La Ghetto,KEVVO,1
Lyanno,Miky Woodz,1
Lyanno,KEVVO,1
Miky Woodz,KEVVO,1
Lyanno,Brytiago,1
Lyanno,Alex Rose,1
Lyanno,Noriel,1
Lyanno,iZaak,1
Brytiago,Alex Rose,1
Brytiago,Noriel,1
Brytiago,iZaak,1
Alex Rose,Noriel,1
Alex Rose,iZaak,1
Noriel,iZaak,1
Casper Magico,Juhn,1
Casper Magico,Miky Woodz,1
Casper Magico,Lyanno,2
Juhn,Miky Woodz,1
Juhn,Lyanno,1
Miky Woodz,Lyanno,1
Polimá Westcoast,Young Cister,2
Rauw Alejandro,Arcangel,2
Rauw Alejandro,Randy,1
Arcangel,Randy,1
Wisin,Chencho Corleone,2
Rauw Alejandro,Sech,1
Ricky Martin,Paloma Mami,1
Young Cister,Tommy Boysen,1
Gigolo Y La Exce,Jay Wheeler,1
Ceaese,Polimá Westcoast,1
Ceaese,Young Cister,1
Carlos Vives,Mau y Ricky,1
Camilo,Mau y Ricky,1
Lalo Ebratt,Maluma,1
Feid,The Rudeboyz,1
Maluma,Charly Black,1
Andy Rivera,Zion & Lennox,1
Feid,Manuel Turizo,1
Llane,Manuel Turizo,1
Zion,Jory Boy,1
Morat,Andrés Cepeda,1
Ñejo,Nicky Jam,1
Ñejo,Silvestre Dangond,1
Nicky Jam,Silvestre Dangond,1
Maxiolly,Lenny Tavárez,1
Maxiolly,Rels B,1
Maxiolly,De La Ghetto,1
Maxiolly,Feid,2
Lenny Tavárez,Rels B,1
Lenny Tavárez,De La Ghetto,1
Lenny Tavárez,Feid,5
Rels B,De La Ghetto,1
Rels B,Feid,1
De La Ghetto,Feid,1
Feid,Tainy,1
KAROL G,Nathy Peluso,1
Piso 21,Myke Towers,1
Andy Rivera,Ñejo,2
Reykon,J Alvarez,1
Reykon,Kevin Roldan,1
J Alvarez,Kevin Roldan,1
Kevin Roldan,Andy Rivera,1
Feid,Ñejo,1
J Alvarez,Ñejo & Dalmata,1
Residente,Ibeyi,1
Justin Quiles,Sech,3
Mac Miller,Anderson .Paak,1
Artigeardit,Lamin,9
Benny Jamz,Gilli,18
Benny Jamz,KESI,16
Gilli,KESI,18
Martin Jensen,Cheat Codes,1
Martin Jensen,Theresa Rex,1
Cheat Codes,Theresa Rex,1
Fouli,Jimilian,2
Benjamin Hav,Artigeardit,2
RH,Faustix,1
RH,Branco,3
Faustix,Branco,1
Fouli,ZK,1
Fouli,Faustix,1
ZK,Faustix,1
KESI,Gilli,1
ZK,Fouli,2
Fouli,Stepz,1
RH,ZK,1
RH,Carmon,1
Gobs,Branco,2
Gobs,Jamaika,1
Carmon,RH,1
KESI,ICEKIID,2
LOLO,Branco,1
ATYPISK,Gilli,1
ATYPISK,KESI,1
Lamin,Benny Jamz,1
KESI,Lord Siva,1
KESI,Artigeardit,1
Jimilian,Fouli,2
Omar,Jimilian,1
Lamin,Artigeardit,1
Artigeardit,KESI,2
Branco,Lukas Graham,2
Gobs,NODE,1
Jamaika,Branco,1
Branco,Gilli,2
LOLO,ATYPISK,1
Carmon,Artigeardit,2
Lukas Graham,G-Eazy,1
Gilli,ICEKIID,1
Justin Bieber,Mariah Carey,1
Infernal,Jimilian,1
Infernal,Branco,1
Jimilian,Branco,1
Carmon,Lamin,1
Gobs,ICEKIID,1
Branco,Stepz,1
Branco,Artigeardit,2
Artigeardit,Lukas Graham,1
Gobs,Jimilian,1
Branco,ICEKIID,1
ICEKIID,Branco,1
NODE,Gilli,1
Branco,Mastermind,1
Branco,Sami,1
El Alfa,Lil Pump,1
El Alfa,Lenier,1
Amenazzy,Noriel,2
Amenazzy,Eladio Carrion,2
Amenazzy,Brray,1
Eladio Carrion,Brray,3
Eladio Carrion,Noriel,3
Brray,Noriel,1
Jon Z,Eladio Carrion,2
J Balvin,Ozuna,4
Rauw Alejandro,Lyanno,4
Rauw Alejandro,Anitta,1
Jhay Cortez,Arcangel,3
Arcangel,De La Ghetto,6
Arcangel,Dalex,2
De La Ghetto,Dalex,1
Arcangel,Lenny Tavárez,4
Arcangel,Gigolo Y La Exce,1
Anuel AA,Ozuna,16
Eladio Carrion,Lunay,1
Eladio Carrion,J Balvin,2
Farruko,Beéle,1
Farruko,Natti Natasha,1
Farruko,Manuel Turizo,2
Beéle,Natti Natasha,1
Beéle,Manuel Turizo,1
Natti Natasha,Manuel Turizo,1
Messiah,Bad Bunny,1
Messiah,Tory Lanez,1
Bad Bunny,Tory Lanez,1
Kris Kross Amsterdam,Ally Brooke,1
Kris Kross Amsterdam,Messiah,1
Ally Brooke,Messiah,1
Konshens,Charly Black,1
Jay Wheeler,DJ Nelson,4
Rauw Alejandro,Future,1
Rauw Alejandro,Rvssian,1
Future,Rvssian,1
Rauw Alejandro,Jhay Cortez,2
Rauw Alejandro,Farruko,4
Rauw Alejandro,Miky Woodz,1
Jhay Cortez,Farruko,1
Jhay Cortez,Miky Woodz,1
Arcangel,Farruko,1
Arcangel,Miky Woodz,2
Farruko,Miky Woodz,2
El Alfa,Shelow Shaq,2
Farruko,"Secreto ""El Famoso Biberon""",2
Farruko,Zion,4
Farruko,De La Ghetto,1
"Secreto ""El Famoso Biberon""",Zion,1
"Secreto ""El Famoso Biberon""",De La Ghetto,1
Zion,De La Ghetto,1
Omega,Ozuna,1
El Alfa,Farruko,3
El Alfa,Play-N-Skillz,2
Farruko,Play-N-Skillz,1
Ricardo Montaner,Mau y Ricky,1
Ricardo Montaner,Camilo,1
Ricardo Montaner,Evaluna Montaner,1
Mau y Ricky,Camilo,4
Mau y Ricky,Evaluna Montaner,1
Camilo,Evaluna Montaner,4
Corina Smith,Eladio Carrion,1
El Alfa,Mark B.,1
Omy de Oro,Jay Wheeler,1
Omy de Oro,Nio Garcia,1
Jay Wheeler,Nio Garcia,1
Gigolo Y La Exce,Eladio Carrion,1
Bryant Myers,Bad Bunny,2
El Alfa,Farina,1
Natti Natasha,El Alfa,1
El Alfa,French Montana,1
El Alfa,Chencho Corleone,1
El Alfa,Justin Quiles,1
El Alfa,Myke Towers,1
Chencho Corleone,Farruko,1
Chencho Corleone,Justin Quiles,1
Chencho Corleone,Myke Towers,2
Farruko,Justin Quiles,2
Farruko,Myke Towers,5
Justin Quiles,Myke Towers,1
El Alfa,Anitta,1
El Alfa,Busta Rhymes,1
El Alfa,Wisin,1
Anitta,Busta Rhymes,1
Anitta,Wisin,1
Busta Rhymes,Wisin,1
Daddy Yankee,Wisin & Yandel,3
Daddy Yankee,Zion,1
Daddy Yankee,Tonny Tun Tun,1
Wisin & Yandel,Zion,2
Wisin & Yandel,Tonny Tun Tun,1
Zion,Tonny Tun Tun,1
Feid,ICON,1
Piso 21,Manuel Turizo,2
Tony Dize,Plan B,1
Major Lazer,Guaynaa,1
Diplo,Guaynaa,1
League of Legends,PVRIS,1
Amr Diab,R3HAB,1
Marshmello,Amr Diab,1
VIZE,Alan Walker,1
24kGoldn,DaBaby,1
Juju,JONES,1
Justin Bieber,Usher,2
Robbie Williams,Bryan Adams,1
Rod Stewart,Michael Bublé,1
Enrique Iglesias,Descemer Bueno,2
Enrique Iglesias,Gente De Zona,1
Descemer Bueno,Gente De Zona,1
Jennifer Lopez,Pitbull,2
bbno$,Rich Brian,2
David Guetta,Akon,2
David Guetta,Sia,4
Sash!,Olly James,1
Selah Sue,Damso,1
Lykke Li,The Magician,1
Kalash,Damso,2
Damso,Lous and The Yakuza,1
GATTÜSO,Love Harder,1
Haftbefehl,Celo & Abdi,1
LX,Bonez MC,4
Maxwell,Joshi Mizu,1
Maxwell,The Cratez,1
Joshi Mizu,The Cratez,1
JIGGO,Azzi Memo,1
KALIM,Luciano,2
RIN,Ufo361,1
Anonym,Noah,1
Noah,Dardan,1
JIGGO,Ardian Bujupi,1
Dimitri Vegas & Like Mike,Felix Jaehn,1
Dimitri Vegas & Like Mike,Nea,1
Felix Jaehn,Nea,2
AJÉ,Bonez MC,1
AJÉ,Olexesh,1
Bonez MC,Olexesh,1
Capo,Veysel,2
Azzi Memo,Veysel,1
Celo & Abdi,Kelvyn Colt,1
Samra,Anonym,6
18 Karat,Kollegah,1
Ufo361,KALIM,1
Ufo361,Luciano,2
Haftbefehl,Luciano,1
LX,Olexesh,1
PA Sports,Kianush,7
Fard,Jamule,1
reezy,KALIM,1
Tujamo,VIZE,1
KC Rebell,Summer Cem,5
Martin Jensen,Alle Farben,1
Ella Henderson,AJ Mitchell,1
Capo,Capital Bra,1
Capo,Haftbefehl,1
Capital Bra,Haftbefehl,3
JURI,Kollegah,1
Mike Williams,Felix Jaehn,1
Hemso,Olexesh,1
Azzi Memo,Fero47,1
VIZE,Papa Roach,1
Manuellsen,Azzi Memo,1
Manuellsen,Pietro Lombardi,1
Manuellsen,Fard,1
Azzi Memo,Pietro Lombardi,1
Azzi Memo,Fard,1
Pietro Lombardi,Fard,1
Fler,Kollegah,1
Taio Cruz,Flo Rida,1
Far East Movement,The Cataracs,1
Usher,Pitbull,1
Fero47,Azzi Memo,1
Usher,Lil Jon,1
Usher,Ludacris,2
Lil Jon,Ludacris,1
Timbaland,Keri Hilson,1
Ozuna,Cardi B,4
Natti Natasha,Ozuna,2
Rae Sremmurd,Swae Lee,4
LX,Maxwell,3
LX,Gzuz,3
LX,Sa4,5
Maxwell,Bonez MC,3
Maxwell,Gzuz,2
Maxwell,Sa4,4
Bonez MC,Gzuz,5
Bonez MC,Sa4,5
Gzuz,Sa4,6
Future,Juice WRLD,4
Future,Young Scooter,1
Juice WRLD,Young Scooter,1
Lil Yachty,Playboi Carti,1
Capital Bra,Luciano,2
Lil Yachty,Juice WRLD,1
Dalex,Sech,4
Gucci Mane,Offset,1
Nick Jonas,Anne-Marie,1
Nick Jonas,Mike Posner,1
Anne-Marie,Mike Posner,1
Kodak Black,Juice WRLD,1
Charlie Charles,Sfera Ebbasta,1
Charlie Charles,Ghali,1
Sfera Ebbasta,Ghali,1
2 Chainz,Ariana Grande,1
2 Chainz,Travis Scott,2
Lil Skies,Gucci Mane,1
Cauty,Brytiago,1
Cauty,Darell,1
Cauty,Cosculluela,1
Cauty,Chencho Corleone,1
Brytiago,Darell,4
Brytiago,Cosculluela,1
Brytiago,Chencho Corleone,1
Darell,Cosculluela,1
Darell,Chencho Corleone,1
Cosculluela,Chencho Corleone,1
Summer Cem,Luciano,4
Summer Cem,Jamule,1
Luciano,Jamule,1
Future,Drake,6
Future,Young Thug,8
Drake,Young Thug,4
Drake,Future,4
Drake,Chris Brown,1
Quavo,21 Savage,1
Quavo,Drake,1
Quavo,Lil Baby,1
Quavo,Travis Scott,2
Maluma,French Montana,1
Mac Miller,Miguel,1
The Chainsmokers,Florida Georgia Line,1
The Chainsmokers,Jhené Aiko,1
Rauw Alejandro,Nicky Jam,1
Capital Bra,Summer Cem,1
Capital Bra,KC Rebell,2
Summer Cem,KC Rebell,2
Big Sean,Travis Scott,2
Saweetie,Post Malone,1
Saweetie,DaBaby,1
Post Malone,DaBaby,3
Eminem,Jessie Reyez,2
Social House,Lil Yachty,1
Capital Bra,Samra,7
Capital Bra,Nimo,1
Samra,Nimo,1
Samra,Luciano,1
Nimo,Luciano,2
BTS,Zara Larsson,1
Alesso,TINI,1
Ariana Grande,Normani,1
Ariana Grande,Nicki Minaj,3
Normani,Nicki Minaj,1
KSI,Lil Baby,1
KSI,Rick Ross,1
Lil Baby,Rick Ross,1
Lil Tjay,Fivio Foreign,3
Lil Tjay,Pop Smoke,1
Fivio Foreign,Pop Smoke,1
Capital Bra,Loredana,1
Drake,Fivio Foreign,1
Gunna,Roddy Ricch,2
The Weeknd,Doja Cat,1
Gunna,Travis Scott,4
Sech,Daddy Yankee,3
Drake,Sampha,1
Drake,Kanye West,1
Drake,PARTYNEXTDOOR,1
Blueface,Cardi B,1
Blueface,YG,1
Cardi B,YG,2
Juice WRLD,Rvssian,1
Juice WRLD,Clever,2
Rvssian,Clever,1
Luciano,Samra,1
21 Savage,Metro Boomin,17
21 Savage,Young Thug,2
Metro Boomin,Young Thug,2
Bryson Tiller,Drake,1
21 Savage,Young Nudy,1
Metro Boomin,Young Nudy,1
Internet Money,Don Toliver,4
Internet Money,Roddy Ricch,1
Don Toliver,Roddy Ricch,1
Ty Dolla $ign,21 Savage,1
Tee Grizzley,Lil Pump,1
Marshmello,Juicy J,1
Marshmello,James Arthur,1
Juicy J,James Arthur,1
Capital Bra,Ufo361,1
A Boogie Wit da Hoodie,Juice WRLD,1
Miley Cyrus,Mark Ronson,1
Migos,Travis Scott,3
Migos,Young Thug,1
Travis Scott,Young Thug,4
Justin Bieber,Kehlani,2
Justin Bieber,Travis Scott,1
Justin Bieber,Lil Dicky,1
A Boogie Wit da Hoodie,Young Thug,1
Avicii,Vargas & Lagola,3
The Weeknd,A$AP Rocky,1
The Weeknd,Young Thug,2
A$AP Rocky,Young Thug,1
Marshmello,Roddy Ricch,1
Young Thug,Gunna,10
Young Thug,Lil Uzi Vert,2
Summer Cem,Capital Bra,2
BTS,Juice WRLD,1
Lil Baby,Future,2
Mambo Kingz,DJ Luian,8
Mambo Kingz,Anuel AA,3
Mambo Kingz,KAROL G,1
Mambo Kingz,Arcangel,2
DJ Luian,Anuel AA,3
DJ Luian,KAROL G,1
DJ Luian,Arcangel,2
Anuel AA,KAROL G,4
Anuel AA,Arcangel,1
KAROL G,Arcangel,1
Bonez MC,Maxwell,7
K/DA,(G)I-DLE,3
K/DA,Bea Miller,1
K/DA,League of Legends,3
(G)I-DLE,Bea Miller,1
(G)I-DLE,League of Legends,3
Bea Miller,League of Legends,2
G-Eazy,blackbear,1
Kanye West,Ty Dolla $ign,1
Kanye West,Clipse,1
Kanye West,Fred Hammond,1
Tyga,YG,1
Tyga,Santana,1
YG,Santana,1
Lil Baby,Lil Uzi Vert,1
Future,DaBaby,1
Future,Lil Baby,2
DaBaby,Drake,3
DaBaby,Lil Baby,3
Drake,Lil Baby,3
G-Eazy,Gunna,1
Internet Money,Lil Tecca,2
Internet Money,A Boogie Wit da Hoodie,1
Lil Tecca,A Boogie Wit da Hoodie,1
Big Sean,A$AP Ferg,1
Avicii,Billy Raffoul,1
Avicii,Nicky Romero,1
Rae Sremmurd,Travis Scott,1
Swae Lee,Travis Scott,2
Capo Plaza,Sfera Ebbasta,2
Selena Gomez,6LACK,1
Selena Gomez,Kid Cudi,1
Megan Thee Stallion,Normani,1
Huncho Jack,Travis Scott,7
Huncho Jack,Quavo,7
Travis Scott,Quavo,8
Big Sean,Metro Boomin,3
Big Sean,Kash Doll,1
Metro Boomin,Kash Doll,1
Nick Jonas,Robin Schulz,1
Nas,Kanye West,1
Nas,Diddy,1
Lil Uzi Vert,Syd,1
BTS,Sia,1
Bad Bunny,Arcangel,4
Lil Baby,Gunna,6
A Boogie Wit da Hoodie,Roddy Ricch,1
A Boogie Wit da Hoodie,Gunna,1
Roddy Ricch,Gunna,2
Bad Bunny,Myke Towers,1
French Montana,The Weeknd,1
Coldplay,Big Sean,1
Samra,Capital Bra,4
benny blanco,Juice WRLD,2
Ariana Grande,Ty Dolla $ign,1
Sigala,Paloma Faith,1
blackbear,Lauv,1
Iggy Azalea,Anitta,1
Young Thug,Travis Scott,6
ScHoolboy Q,Travis Scott,1
Ufo361,RIN,2
DJ Snake,Sheck Wes,1
DJ Snake,Offset,1
DJ Snake,21 Savage,1
DJ Snake,Gucci Mane,1
Sheck Wes,Offset,1
Sheck Wes,21 Savage,1
Sheck Wes,Gucci Mane,1
Offset,21 Savage,2
Offset,Gucci Mane,1
21 Savage,Gucci Mane,1
David Guetta,RAYE,1
Logic,Gucci Mane,1
Logic,G-Eazy,1
DaBaby,Quavo,1
DaBaby,YoungBoy Never Broke Again,3
DaBaby,Future,1
Rvssian,Anuel AA,1
Rvssian,Juice WRLD,1
Anuel AA,Juice WRLD,1
Normani,Calvin Harris,1
Normani,WizKid,1
Calvin Harris,WizKid,1
Tory Lanez,Gunna,1
Gzuz,Ufo361,1
Salmo,Sfera Ebbasta,1
Huncho Jack,Offset,1
Travis Scott,Offset,1
Quavo,Offset,1
Logic,Wiz Khalifa,1
Logic,Big Sean,1
Logic,2 Chainz,1
6ix9ine,Tory Lanez,2
6ix9ine,Young Thug,1
Tory Lanez,Young Thug,1
A$AP Rocky,Gucci Mane,1
A$AP Rocky,21 Savage,1
Gucci Mane,21 Savage,1
Maroon 5,A Boogie Wit da Hoodie,1
Internet Money,Gunna,3
Internet Money,NAV,2
Gunna,Don Toliver,3
Gunna,NAV,3
Don Toliver,NAV,2
Dua Lipa,Madonna,1
Dua Lipa,Missy Elliott,1
Madonna,Missy Elliott,1
J Balvin,Bad Bunny,13
J Balvin,Mr Eazi,2
Bad Bunny,Mr Eazi,1
Ozuna,Anuel AA,5
JAY-Z,Linkin Park,1
Lana Del Rey,A$AP Rocky,2
Lana Del Rey,Playboi Carti,1
A$AP Rocky,Playboi Carti,1
Linkin Park,Pusha T,1
Linkin Park,Stormzy,1
Pusha T,Stormzy,1
Rex Orange County,Anna of the North,1
187 Strassenbande,Bonez MC,11
187 Strassenbande,Gzuz,10
Lana Del Rey,Stevie Nicks,1
Ariana Grande,Pharrell Williams,1
Ariana Grande,Missy Elliott,1
Young Thug,Lil Baby,3
Gunna,Lil Baby,3
Smokepurpp,Lil Pump,1
Dreamville,J. Cole,5
Dreamville,DaBaby,1
J. Cole,DaBaby,1
Dreamville,JID,3
Dreamville,EARTHGANG,1
Dreamville,Young Nudy,2
JID,J. Cole,2
JID,EARTHGANG,1
JID,Young Nudy,1
J. Cole,EARTHGANG,1
J. Cole,Young Nudy,2
EARTHGANG,Young Nudy,1
Salmo,Lazza,2
Dreamville,Smokepurpp,1
Dreamville,Buddy,1
Dreamville,Ski Mask The Slump God,1
JID,Smokepurpp,1
JID,Buddy,1
JID,Ski Mask The Slump God,1
Smokepurpp,Buddy,1
Smokepurpp,Ski Mask The Slump God,1
Buddy,Ski Mask The Slump God,1
Salmo,Marracash,2
Bazzi,21 Savage,1
Diplo,MØ,1
Avril Lavigne,Nicki Minaj,1
Migos,DJ Khaled,1
DaBaby,Roddy Ricch,2
Cardi B,Migos,1
Cardi B,SZA,1
A$AP Rocky,Moby,2
Cardi B,Chance the Rapper,1
Cardi B,Kehlani,1
K/DA,Madison Beer,2
Madison Beer,(G)I-DLE,2
Madison Beer,League of Legends,2
Future,Lil Uzi Vert,5
Ariana Grande,The Weeknd,1
Summer Walker,Usher,1
Lil Uzi Vert,Chief Keef,1
Lil Uzi Vert,21 Savage,1
Bad Bunny,Duki,2
Lil Uzi Vert,NAV,1
Lil Uzi Vert,Gunna,1
Lil Uzi Vert,Young Thug,2
Gunna,Young Thug,7
Lil Uzi Vert,Future,1
SZA,Justin Timberlake,1
Maroon 5,A$AP Rocky,1
JACKBOYS,Sheck Wes,1
Don Toliver,Offset,1
Don Toliver,Quavo,1
Offset,Quavo,2
JACKBOYS,Travis Scott,3
JACKBOYS,Don Toliver,1
Travis Scott,Don Toliver,1
French Montana,Post Malone,2
French Montana,Cardi B,2
French Montana,Rvssian,2
Post Malone,Cardi B,2
Post Malone,Rvssian,1
Cardi B,Rvssian,1
Logic,Ansel Elgort,1
Logic,Killer Mike,1
Logic,Juicy J,1
DaBaby,Young Thug,1
Rod Wave,Lil Baby,1
Eminem,Don Toliver,1
Eminem,Anderson .Paak,1
Eminem,"Royce Da 5'9""",4
Eminem,Q-Tip,1
"Royce Da 5'9""",Q-Tip,1
Eminem,KXNG Crooked,1
KXNG Crooked,"Royce Da 5'9""",1
Ufo361,Future,1
The Weeknd,Gesaffelstein,2
N.E.R.D,Rihanna,2
N.E.R.D,Drake,1
Rihanna,Drake,2
A$AP Rocky,BlocBoy JB,1
Ty Dolla $ign,Gucci Mane,1
Ty Dolla $ign,Quavo,1
Gucci Mane,Quavo,2
Rich The Kid,Lil Wayne,1
Sabrina Carpenter,Jonas Blue,1
Eminem,Alicia Keys,1
Eminem,X Ambassadors,1
Eminem,Skylar Grey,2
Eminem,Kehlani,1
Eminem,P!nk,1
Metro Boomin,Travis Scott,6
Ed Sheeran,Andrea Bocelli,1
KIDS SEE GHOSTS,Pusha T,1
KIDS SEE GHOSTS,Ty Dolla $ign,1
J Balvin,Sky Rompiendo,2
Jhené Aiko,H.E.R.,1
P!nk,Eminem,1
Noah Cyrus,XXXTENTACION,1
Chris Brown,Future,2
Chris Brown,Young Thug,3
A$AP Ferg,Nicki Minaj,1
A$AP Ferg,MadeinTYO,1
Nicki Minaj,MadeinTYO,1
NLE Choppa,Lil Baby,1
Jason Derulo,Puri,1
Gorillaz,Vince Staples,1
Little Mix,Machine Gun Kelly,1
Big Sean,Migos,1
Zara Larsson,Ty Dolla $ign,1
Big Sean,Jeremih,1
DJ Khaled,Travis Scott,2
DJ Khaled,Post Malone,2
Travis Scott,Post Malone,1
DJ Khaled,Cardi B,2
DJ Khaled,21 Savage,2
Cardi B,21 Savage,2
DJ Khaled,Nipsey Hussle,1
DJ Khaled,John Legend,1
Nipsey Hussle,John Legend,1
DJ Khaled,Chris Brown,1
DJ Khaled,Lil Wayne,3
DJ Khaled,Big Sean,2
Chris Brown,Lil Wayne,2
Chris Brown,Big Sean,1
Lil Wayne,Big Sean,2
The Chainsmokers,Ty Dolla $ign,1
The Chainsmokers,bülow,1
Ty Dolla $ign,bülow,1
G-Eazy,Charlie Puth,1
Justin Bieber,Post Malone,1
Justin Bieber,Clever,1
Post Malone,Clever,1
Shiva,Eiffel 65,1
Zuna,Loredana,1
Gucci Mane,The Weeknd,1
NAV,Gunna,2
NAV,Travis Scott,3
KAROL G,Anuel AA,3
Lil Yachty,DaBaby,2
Lil Yachty,Drake,2
Tory Lanez,Chris Brown,1
Rauw Alejandro,Anuel AA,2
Rauw Alejandro,Natti Natasha,1
Rauw Alejandro,Lunay,2
Anuel AA,Natti Natasha,1
Anuel AA,Farruko,2
Anuel AA,Lunay,1
Natti Natasha,Farruko,3
Natti Natasha,Lunay,1
Farruko,Lunay,2
Lunay,Myke Towers,3
Lunay,Ozuna,2
Lunay,Chencho Corleone,2
Lunay,Rauw Alejandro,3
Myke Towers,Ozuna,1
Myke Towers,Chencho Corleone,1
Myke Towers,Rauw Alejandro,4
Ozuna,Chencho Corleone,2
Ozuna,Rauw Alejandro,1
Chencho Corleone,Rauw Alejandro,1
Lizzo,Ariana Grande,2
TINI,Sebastian Yatra,1
Rvssian,Post Malone,1
Rvssian,Cardi B,1
Post Malone,Halsey,1
Post Malone,Future,1
Halsey,Future,1
Post Malone,Meek Mill,1
Post Malone,Lil Baby,2
Meek Mill,Lil Baby,2
The Cratez,Bonez MC,1
Diplo,Jonas Brothers,1
DaBaby,Migos,1
Lil Nas X,DaBaby,1
C. Tangana,Paloma Mami,1
Post Malone,SZA,2
Metro Boomin,Kodak Black,1
Metro Boomin,21 Savage,4
Travis Scott,Kodak Black,1
Travis Scott,21 Savage,2
Kodak Black,21 Savage,1
Metro Boomin,Swae Lee,2
Clean Bandit,MARINA,1
Clean Bandit,Luis Fonsi,1
MARINA,Luis Fonsi,1
Metro Boomin,WizKid,1
Swae Lee,WizKid,1
BTS,Desiigner,1
BTS,Steve Aoki,3
Desiigner,Steve Aoki,1
Carnage,Lil Pump,1
XXXTENTACION,PnB Rock,2
XXXTENTACION,Trippie Redd,2
PnB Rock,Trippie Redd,1
The Chainsmokers,Kygo,1
Halsey,BTS,1
Roddy Ricch,Meek Mill,1
Lady Gaga,Elton John,1
Kygo,Kim Petras,1
KALIM,Ufo361,1
Lil Yachty,Tierra Whack,1
Lil Yachty,A$AP Rocky,1
Tierra Whack,A$AP Rocky,1
XXXTENTACION,Joey Bada$$,1
Lil Yachty,Trippie Redd,1
XXXTENTACION,Travis Barker,2
DJ Khaled,JAY-Z,3
DJ Khaled,Future,1
DJ Khaled,Beyoncé,2
JAY-Z,Future,1
JAY-Z,Beyoncé,1
Future,Beyoncé,1
KC Rebell,RAF Camora,2
XXXTENTACION,Stefflon Don,1
XXXTENTACION,Vybz Kartel,1
Stefflon Don,Vybz Kartel,1
NAV,Meek Mill,1
Trippie Redd,Juice WRLD,4
Marc Anthony,Will Smith,1
Marc Anthony,Bad Bunny,1
Will Smith,Bad Bunny,1
Madison Beer,Offset,1
Jonas Blue,Liam Payne,1
Jonas Blue,Lennon Stella,1
Liam Payne,Lennon Stella,1
Tyga,Nicki Minaj,1
Calvin Harris,ScHoolboy Q,1
Calvin Harris,PARTYNEXTDOOR,2
ScHoolboy Q,PARTYNEXTDOOR,1
DJ Khaled,Calvin Harris,1
DJ Khaled,Jeremih,2
Calvin Harris,Travis Scott,2
Calvin Harris,Jeremih,1
Travis Scott,Jeremih,1
Calvin Harris,A-Trak,1
Travis Scott,A-Trak,1
Calvin Harris,Kehlani,1
Calvin Harris,Lil Yachty,1
Kehlani,Lil Yachty,1
Calvin Harris,Nicki Minaj,1
Frank Ocean,Steve Lacy,1
Ed Sheeran,Ella Mai,1
Ed Sheeran,Young Thug,1
Ed Sheeran,J Hus,1
Young Thug,J Hus,1
Ed Sheeran,Chris Stapleton,1
Ed Sheeran,Bruno Mars,1
Chris Stapleton,Bruno Mars,1
Lil Nas X,Young Thug,1
Ed Sheeran,Meek Mill,1
Ed Sheeran,A Boogie Wit da Hoodie,1
Meek Mill,A Boogie Wit da Hoodie,1
Ed Sheeran,Skrillex,1
Ed Sheeran,H.E.R.,1
David Guetta,Martin Solveig,1
Jax Jones,Bebe Rexha,1
Nicki Minaj,Labrinth,1
Nicki Minaj,Eminem,1
Labrinth,Eminem,1
Capital Bra,Juju,1
Alvaro Soler,Flo Rida,1
Alvaro Soler,TINI,1
Flo Rida,TINI,1
Nicki Minaj,Lil Wayne,4
Kanye West,PARTYNEXTDOOR,2
Azet,Zuna,2
Lil Peep,ILOVEMAKONNEN,1
Lil Peep,Fall Out Boy,1
ILOVEMAKONNEN,Fall Out Boy,1
Logic,Eminem,2
SZA,The Weeknd,1
SZA,Travis Scott,2
The Weeknd,Travis Scott,1
Marshmello,Tyga,1
Marshmello,Chris Brown,1
Tyga,Chris Brown,2
ScHoolboy Q,21 Savage,1
P!nk,Khalid,1
Luis Fonsi,Sebastian Yatra,1
Luis Fonsi,Nicky Jam,1
Sebastian Yatra,Nicky Jam,1
Daddy Yankee,Katy Perry,1
Offset,Travis Scott,3
Kygo,Valerie Broussard,1
Lil Pump,Lil Wayne,1
David Guetta,Brooks,2
David Guetta,Loote,1
Brooks,Loote,1
The Rudeboyz,Jowell & Randy,1
The Rudeboyz,Manuel Turizo,1
Jowell & Randy,Manuel Turizo,1
KC Rebell,Capital Bra,1
Offset,J. Cole,1
Galantis,OneRepublic,1
KC Rebell,Luciano,1
Anuel AA,Enrique Iglesias,1
Beyoncé,JAY-Z,2
Eminem,Young M.A,1
PARTYNEXTDOOR,Drake,2
Trippie Redd,YNW Melly,1
Juice WRLD,YNW Melly,1
Roddy Ricch,A Boogie Wit da Hoodie,1
Trippie Redd,DaBaby,1
Taylor Swift,HAIM,1
Taylor Swift,The National,1
Taylor Swift,Bon Iver,2
Lil Wayne,Nicki Minaj,1
Lil Wayne,Snoop Dogg,1
Lil Wayne,Ashanti,2
Logic,Jaden,1
Lil Wayne,Nivea,1
Logic,Ghostface Killah,1
Logic,Raekwon,1
Logic,Method Man,1
Logic,GZA,1
Ghostface Killah,Raekwon,1
Ghostface Killah,Method Man,1
Ghostface Killah,GZA,1
Raekwon,Method Man,1
Raekwon,GZA,1
Method Man,GZA,1
Future,Kendrick Lamar,1
DJ Khaled,Drake,3
Eminem,Ed Sheeran,2
Juju,Loredana,1
KSI,Trippie Redd,1
Lil Uzi Vert,The Weeknd,1
A$AP Rocky,T.I.,1
A$AP Rocky,Kid Cudi,1
Moby,T.I.,1
Moby,Kid Cudi,1
T.I.,Kid Cudi,1
Pusha T,Kanye West,3
Shawn Mendes,Khalid,1
Post Malone,Swae Lee,2
Pharrell Williams,Camila Cabello,1
Travis Scott,Lil Uzi Vert,1
Travis Scott,Kanye West,1
Lil Uzi Vert,Kanye West,1
Rita Ora,Bebe Rexha,1
Rita Ora,Charli XCX,1
Rita Ora,Cardi B,1
Bebe Rexha,Charli XCX,1
Bebe Rexha,Cardi B,1
Charli XCX,Cardi B,1
Charlie Puth,Kehlani,1
Post Malone,G-Eazy,1
Post Malone,YG,1
G-Eazy,YG,1
NOTD,Bea Miller,1
Diplo,French Montana,1
Diplo,Lil Pump,1
French Montana,Lil Pump,1
Logic,Marshmello,1
G-Eazy,Yo Gotti,1
G-Eazy,YBN Nahmir,1
Yo Gotti,YBN Nahmir,1
OneRepublic,Logic,1
Bomba Estéreo,Tainy,1
Lil Skies,Landon Cube,2
Kid Cudi,Eminem,1
Zedd,Liam Payne,1
Camila Cabello,Quavo,2
Jax Jones,Demi Lovato,1
Jax Jones,Stefflon Don,1
Demi Lovato,Stefflon Don,1
Major Lazer,Anitta,1
Major Lazer,Pabllo Vittar,1
Anitta,Pabllo Vittar,1
Cash Cash,Conor Maynard,1
Dimitri Vegas & Like Mike,David Guetta,2
Dimitri Vegas & Like Mike,Kiiara,1
David Guetta,Kiiara,1
Metro Boomin,Offset,1
Metro Boomin,Drake,2
Offset,Drake,1
Rudimental,James Arthur,1
Jennifer Lopez,Gente De Zona,1
Justin Bieber,Quavo,4
Shakira,Anuel AA,1
DaBaby,Moneybagg Yo,1
Lil Baby,Moneybagg Yo,1
Jhay Cortez,Anuel AA,3
Jhay Cortez,J Balvin,2
Anuel AA,J Balvin,4
Kygo,Avicii,1
Daddy Yankee,Sech,2
Travis Scott,ROSALÍA,1
Travis Scott,Lil Baby,1
ROSALÍA,Lil Baby,1
G-Eazy,Tory Lanez,1
G-Eazy,Tyga,1
Tory Lanez,Tyga,2
Lil Wayne,Lil Baby,1
Big Sean,Lil Baby,1
Rich Music LTD,Sech,3
Rich Music LTD,Dalex,4
Rich Music LTD,Justin Quiles,4
Rich Music LTD,Lenny Tavárez,3
Rich Music LTD,Feid,3
Sech,Dalex,5
Sech,Justin Quiles,8
Sech,Lenny Tavárez,9
Sech,Feid,5
Dalex,Justin Quiles,9
Dalex,Lenny Tavárez,13
Dalex,Feid,5
Justin Quiles,Lenny Tavárez,10
Justin Quiles,Feid,4
Lil Wayne,Kendrick Lamar,1
Lil Wayne,XXXTENTACION,1
Lil Wayne,Swizz Beatz,1
Lil Wayne,Travis Scott,1
Anderson .Paak,Kendrick Lamar,1
Lil Baby,NAV,1
Lil Pump,Lil Uzi Vert,1
Shawn Mendes,Zedd,1
Loud Luxury,anders,1
Young Thug,Jaden,1
Charli XCX,Troye Sivan,1
Kanye West,Travis Scott,1
Pop Smoke,Quavo,4
Pop Smoke,Swae Lee,2
Pop Smoke,KAROL G,1
6ix9ine,Nicki Minaj,3
Pop Smoke,Future,2
Quavo,Future,1
Pop Smoke,Tyga,1
Tyga,Quavo,1
Trevor Daniel,Selena Gomez,1
Tyla Yaweh,Post Malone,1
iann dior,Lil Baby,1
Anuel AA,Tego Calderon,1
Lil Tecca,Lil Uzi Vert,1
Khalid,John Mayer,1
NAV,The Weeknd,2
Nipsey Hussle,Roddy Ricch,1
Lana Del Rey,The Weeknd,1
Prince Royce,Shakira,1
Kygo,Ellie Goulding,1
Calvin Harris,Future,1
Calvin Harris,Khalid,1
Future,Khalid,1
Fifth Harmony,Gucci Mane,1
Katy Perry,Migos,1
Alan Walker,Gavin James,1
Cashmere Cat,Ariana Grande,1
Bebe Rexha,Lil Wayne,1
Playboi Carti,Lil Uzi Vert,2
Little Mix,Stormzy,1
2 Chainz,Gucci Mane,1
2 Chainz,Quavo,2
Capo,6ix9ine,1
GASHI,French Montana,1
GASHI,DJ Snake,1
French Montana,DJ Snake,1
Veysel,Gzuz,1
James Blake,Travis Scott,1
James Blake,Metro Boomin,1
Travis Scott,Metro Boomin,1
Nicki Minaj,Anuel AA,1
Nicki Minaj,Bantu,1
Anuel AA,Bantu,1
Rvssian,Sfera Ebbasta,1
Troye Sivan,Ariana Grande,1
Maroon 5,Julia Michaels,1
blackbear,Gucci Mane,1
Future,Offset,1
Young Thug,Offset,1
Katy Perry,Nicki Minaj,1
Alesso,Anitta,1
Major Lazer,Travis Scott,1
Major Lazer,Camila Cabello,1
Major Lazer,Quavo,1
Travis Scott,Camila Cabello,1
R3HAB,Quintino,1
KAROL G,Bad Bunny,1
21 Savage,Offset,2
21 Savage,Quavo,1
Offset,Metro Boomin,3
Metro Boomin,Quavo,1
Eminem,Beyoncé,1
J Balvin,Willy William,2
J Balvin,Beyoncé,1
Willy William,Beyoncé,1
21 Savage,Travis Scott,1
CNCO,Little Mix,1
DJ Snake,Lauv,1
Lorde,Khalid,1
Lorde,Post Malone,1
Lorde,SZA,1
Khalid,Post Malone,1
Khalid,SZA,1
Jesse & Joy,Gente De Zona,1
David Guetta,Justin Bieber,1
N.E.R.D,Pharrell Williams,1
Rihanna,Pharrell Williams,1
Cheat Codes,Fetty Wap,1
Cheat Codes,CVBZ,1
Fetty Wap,CVBZ,1
Yandel,Wisin,1
Martin Garrix,Troye Sivan,1
CNCO,Yandel,1
Yo Gotti,Nicki Minaj,1
Kygo,OneRepublic,2
Abraham Mateo,Farruko,1
Lil Uzi Vert,Nicki Minaj,1
Lil Uzi Vert,Oh Wonder,2
Nicki Minaj,Oh Wonder,1
Selena Gomez,Gucci Mane,1
Robin Schulz,James Blunt,1
Farruko,Bad Bunny,1
Farruko,Rvssian,1
Bad Bunny,Rvssian,1
Nicky Jam,Wisin,1
De La Ghetto,Daddy Yankee,1
De La Ghetto,Ozuna,1
Daddy Yankee,Ozuna,5
Chris Brown,Yo Gotti,1
Chris Brown,A Boogie Wit da Hoodie,1
Chris Brown,Kodak Black,1
Yo Gotti,A Boogie Wit da Hoodie,1
Yo Gotti,Kodak Black,1
A Boogie Wit da Hoodie,Kodak Black,2
Young Thug,Future,2
OneRepublic,Seeb,1
Big Sean,21 Savage,1
2 Chainz,Ty Dolla $ign,1
2 Chainz,Trey Songz,1
2 Chainz,Jhené Aiko,1
Ty Dolla $ign,Trey Songz,1
Ty Dolla $ign,Jhené Aiko,1
Trey Songz,Jhené Aiko,1
SHAED,ZAYN,1
Taylor Swift,Shawn Mendes,1
Nicky Jam,Anuel AA,1
Travis Scott,Gunna,1
Lil Mosey,Gunna,1
Lunay,Anuel AA,1
Post Malone,Ozzy Osbourne,1
Post Malone,Travis Scott,1
Ozzy Osbourne,Travis Scott,1
Reik,J Balvin,1
Reik,Lalo Ebratt,1
J Balvin,Lalo Ebratt,1
Marshmello,YUNGBLUD,1
Marshmello,blackbear,1
YUNGBLUD,blackbear,1
Tory Lanez,T-Pain,1
A Boogie Wit da Hoodie,Lil Uzi Vert,1
Zedd,Kehlani,1
Major Lazer,Khalid,1
Khalid,Diplo,1
Martin Garrix,Dean Lewis,1
Major Lazer,J Balvin,1
Major Lazer,El Alfa,1
J Balvin,El Alfa,1
J Balvin,Diplo,1
El Alfa,Diplo,1
Maluma,J Balvin,1
True Damage,Becky G,1
True Damage,Duckwrth,1
True Damage,Thutmose,1
True Damage,League of Legends,1
Becky G,Duckwrth,1
Becky G,Thutmose,1
Becky G,League of Legends,1
Duckwrth,Thutmose,1
Duckwrth,League of Legends,1
Thutmose,League of Legends,1
Ariana Grande,Miley Cyrus,1
Ariana Grande,Lana Del Rey,1
Miley Cyrus,Lana Del Rey,1
Riton,Oliver Heldens,1
Doja Cat,Tyga,1
Manuel Turizo,Anuel AA,1
Nicky Jam,Sech,5
Nicky Jam,Farruko,4
Nicky Jam,Zion,2
Nicky Jam,Lunay,1
Sech,Farruko,3
Sech,Zion,3
Sech,Lunay,1
Zion,Lunay,1
Bryant Myers,Anuel AA,1
Noriel,Myke Towers,1
Noriel,Rauw Alejandro,1
Noriel,Almighty,1
Myke Towers,Almighty,1
Rauw Alejandro,Almighty,1
Doja Cat,Nicki Minaj,1
Future,Travis Scott,3
Bad Bunny,Don Omar,1
Bad Bunny,Nicky Jam,2
Bad Bunny,Zion & Lennox,1
Jonas Brothers,KAROL G,1
PARTYNEXTDOOR,Rihanna,1
Sam Smith,Demi Lovato,1
Roddy Ricch,Mustard,1
Doja Cat,Gucci Mane,1
Drake,Playboi Carti,1
Future,YoungBoy Never Broke Again,1
Polo G,Stunna 4 Vegas,1
Polo G,NLE Choppa,2
Polo G,Mike WiLL Made-It,1
Stunna 4 Vegas,NLE Choppa,1
Stunna 4 Vegas,Mike WiLL Made-It,1
NLE Choppa,Mike WiLL Made-It,1
Kygo,Zara Larsson,1
Kygo,Tyga,1
Zara Larsson,Tyga,1
Camila Cabello,DaBaby,1
YNW Melly,Juice WRLD,1
Nicky Jam,Daddy Yankee,1
Polo G,Lil Baby,2
Trippie Redd,PARTYNEXTDOOR,1
XXXTENTACION,Kanye West,1
Kanye West,Travis Barker,1
Headie One,Drake,1
Juice WRLD,Halsey,1
Megan Thee Stallion,Beyoncé,1
Ty Dolla $ign,FKA twigs,1
Ty Dolla $ign,Skrillex,1
Ty Dolla $ign,Kanye West,1
FKA twigs,Skrillex,1
FKA twigs,Kanye West,1
Skrillex,Kanye West,1
Juice WRLD,Trippie Redd,2
NLE Choppa,Roddy Ricch,1
Polo G,Juice WRLD,1
Nicki Minaj,Drake,2
Drake,Lil Wayne,3
P!nk,Sia,1
Ariana Grande,John Legend,1
Future,The Weeknd,2
Stanaj,NOTD,1
Gucci Mane,Drake,1
Big Sean,Eminem,1
Linkin Park,Kiiara,1
Axwell /\ Ingrosso,Kid Ink,1
Ed Sheeran,Kranium,1
Ed Sheeran,Major Lazer,1
Kranium,Major Lazer,1
Ed Sheeran,Stormzy,2
Nick Jonas,Nicki Minaj,1
Khalid,Disclosure,3
benny blanco,Selena Gomez,1
benny blanco,J Balvin,1
benny blanco,Tainy,1
Selena Gomez,J Balvin,1
Selena Gomez,Tainy,1
J Balvin,Tainy,3
Cardi B,Bruno Mars,1
Rita Ora,Anitta,1
Zedd,Katy Perry,1
YUNGBLUD,Halsey,1
YUNGBLUD,Travis Barker,2
Halsey,Travis Barker,1
Sia,Diplo,5
Sia,Labrinth,5
Diplo,Labrinth,4
Tropkillaz,J Balvin,1
Tropkillaz,Anitta,1
J Balvin,Anitta,2
ChocQuibTown,Zion & Lennox,1
ChocQuibTown,Farruko,1
ChocQuibTown,Manuel Turizo,1
Zion & Lennox,Farruko,2
Zion & Lennox,Manuel Turizo,1
Post Malone,Roddy Ricch,2
Post Malone,Tyga,1
Roddy Ricch,Tyga,1
Amenazzy,Nicky Jam,1
Amenazzy,Farruko,2
Joji,Diplo,1
Joji,Lil Yachty,1
Joji,BENEE,1
Calvin Harris,The Weeknd,1
Internet Money,Trippie Redd,1
Internet Money,Diplo,1
Internet Money,Juice WRLD,1
Trippie Redd,Diplo,1
Diplo,Juice WRLD,1
Bebe Rexha,Doja Cat,1
Anitta,Myke Towers,1
Anitta,Cardi B,1
Myke Towers,Cardi B,1
6ix9ine,Lil Baby,1
6ix9ine,Kanye West,2
Nicki Minaj,Kanye West,1
6ix9ine,A Boogie Wit da Hoodie,2
Meek Mill,Cardi B,1
6ix9ine,Bobby Shmurda,1
Meek Mill,Anuel AA,1
Meek Mill,Fabolous,1
Anuel AA,Fabolous,1
Meek Mill,JAY-Z,1
Meek Mill,Rick Ross,1
JAY-Z,Rick Ross,1
Ozuna,Romeo Santos,2
benny blanco,Calvin Harris,1
Lil Baby,Drake,2
Gunna,Drake,3
Lil Baby,Meek Mill,2
benny blanco,Swae Lee,1
Lauv,Julia Michaels,1
Chris Brown,Usher,1
Chris Brown,Gucci Mane,1
Usher,Gucci Mane,1
Juice WRLD,benny blanco,1
The Weeknd,ROSALÍA,1
Tory Lanez,Lil Wayne,2
DaBaby,Lil Wayne,3
ROSALÍA,Ozuna,1
Quality Control,Lil Baby,2
Quality Control,DaBaby,2
Lil Baby,DaBaby,3
Swae Lee,Drake,1
Lil Tecca,Juice WRLD,1
Jorja Smith,Burna Boy,1
Bizarrap,Nicki Nicole,2
Megan Thee Stallion,Ty Dolla $ign,1
Megan Thee Stallion,Nicki Minaj,1
Ty Dolla $ign,Nicki Minaj,1
Khalid,A Boogie Wit da Hoodie,1
Trippie Redd,Lil Baby,1
The Chainsmokers,Winona Oak,1
Daddy Yankee,Anuel AA,4
XXXTENTACION,Lil Pump,1
XXXTENTACION,Swae Lee,1
XXXTENTACION,Maluma,1
Lil Pump,Swae Lee,1
Lil Pump,Maluma,1
Swae Lee,Maluma,1
Kehlani,Ty Dolla $ign,1
Luis Fonsi,Ozuna,1
Becky G,Prince Royce,1
Becky G,DJ Luian,1
Becky G,Mambo Kingz,1
Becky G,Anuel AA,1
Prince Royce,DJ Luian,2
Prince Royce,Mambo Kingz,2
Prince Royce,Anuel AA,1
DJ Luian,Mambo Kingz,4
A Boogie Wit da Hoodie,Tyga,1
A Boogie Wit da Hoodie,Offset,1
Tyga,Offset,2
James Arthur,Anne-Marie,1
French Montana,Drake,1
KAROL G,Maluma,1
5 Seconds of Summer,Julia Michaels,1
Brytiago,Daddy Yankee,1
Brytiago,Ozuna,1
Brytiago,Anuel AA,1
Daddy Yankee,Darell,1
Ozuna,Darell,2
Darell,Anuel AA,1
NOTD,Felix Jaehn,1
NOTD,Captain Cuts,1
NOTD,Georgia Ku,1
Felix Jaehn,Captain Cuts,1
Felix Jaehn,Georgia Ku,2
Captain Cuts,Georgia Ku,1
Tyga,G-Eazy,1
Tyga,Rich The Kid,1
G-Eazy,Rich The Kid,1
Julia Michaels,Selena Gomez,1
Little Mix,Nicki Minaj,1
Ski Mask The Slump God,Juice WRLD,1
Anuel AA,Daddy Yankee,3
Daddy Yankee,KAROL G,2
Daddy Yankee,J Balvin,5
KAROL G,J Balvin,4
KAROL G,Ozuna,3
DJ Snake,J Balvin,1
DJ Snake,Tyga,1
J Balvin,Tyga,1
Drake,Rick Ross,3
Billie Eilish,Justin Bieber,1
Y2K,bbno$,1
Ed Sheeran,Travis Scott,1
The Chainsmokers,ILLENIUM,1
The Chainsmokers,Lennon Stella,1
ILLENIUM,Lennon Stella,1
Lil Nas X,BTS,1
Rick Ross,Drake,1
Chance the Rapper,MadeinTYO,1
Chance the Rapper,DaBaby,1
MadeinTYO,DaBaby,1
Ellie Goulding,Juice WRLD,1
Sebastian Yatra,Daddy Yankee,1
Sebastian Yatra,Natti Natasha,1
Sebastian Yatra,Jonas Brothers,1
Daddy Yankee,Natti Natasha,4
Daddy Yankee,Jonas Brothers,1
Natti Natasha,Jonas Brothers,1
Lil Nas X,Cardi B,1
Chris Brown,Justin Bieber,1
Ed Sheeran,Eminem,1
Ed Sheeran,50 Cent,1
Eminem,50 Cent,1
Guaynaa,Nicky Jam,1
Guaynaa,Farruko,1
Guaynaa,Becky G,1
Guaynaa,Sech,1
Nicky Jam,Becky G,1
Farruko,Becky G,1
Farruko,Sech,3
Becky G,Sech,1
NLE Choppa,Blueface,1
Dimitri Vegas & Like Mike,Daddy Yankee,1
Dimitri Vegas & Like Mike,Afro Bros,1
Dimitri Vegas & Like Mike,Natti Natasha,1
David Guetta,Daddy Yankee,1
David Guetta,Afro Bros,1
David Guetta,Natti Natasha,1
Daddy Yankee,Afro Bros,1
Afro Bros,Natti Natasha,1
Machine Gun Kelly,YUNGBLUD,1
Machine Gun Kelly,Travis Barker,1
Mustard,NAV,1
Mustard,Playboi Carti,1
Mustard,A Boogie Wit da Hoodie,1
NAV,Playboi Carti,1
NAV,A Boogie Wit da Hoodie,1
Playboi Carti,A Boogie Wit da Hoodie,1
Chance the Rapper,Death Cab for Cutie,1
SAINt JHN,Beyoncé,1
SAINt JHN,WizKid,1
Beyoncé,WizKid,1
Chance the Rapper,John Legend,1
Mau y Ricky,Lunay,1
Camilo,Lunay,1
Ed Sheeran,Paulo Londra,1
Ed Sheeran,Dave,1
Paulo Londra,Dave,1
Ufo361,RAF Camora,1
DJ Snake,Sean Paul,1
DJ Snake,Anitta,1
DJ Snake,Tainy,1
Sean Paul,Anitta,1
Sean Paul,Tainy,1
Anitta,Tainy,1
Beyoncé,Childish Gambino,1
JAY-Z,Childish Gambino,1
Kanye West,Lil Pump,1
Eminem,Joyner Lucas,1
Silk City,Dua Lipa,1
Silk City,Diplo,1
Silk City,Mark Ronson,1
Dua Lipa,Diplo,1
Dua Lipa,Mark Ronson,1
Diplo,Mark Ronson,1
DJ Khaled,Justin Bieber,3
DJ Khaled,Quavo,2
DJ Khaled,Chance the Rapper,2
Justin Bieber,Chance the Rapper,3
Quavo,Chance the Rapper,2
6ix9ine,Anuel AA,2
Gucci Mane,Bruno Mars,1
Gucci Mane,Kodak Black,1
Bruno Mars,Kodak Black,1
Bazzi,Camila Cabello,1
David Guetta,Anne-Marie,1
Jason Derulo,David Guetta,1
Jason Derulo,Nicki Minaj,2
Jason Derulo,Willy William,1
David Guetta,Nicki Minaj,2
David Guetta,Willy William,1
Nicki Minaj,Willy William,1
Zedd,Elley Duhé,1
Kris Kross Amsterdam,Conor Maynard,2
David Guetta,Bebe Rexha,3
David Guetta,J Balvin,1
Bebe Rexha,J Balvin,1
Alan Walker,Au/Ra,2
RAF Camora,Gzuz,2
Sebastian Yatra,Mau y Ricky,1
Frenna,Lil Kleine,1
Anuel AA,Zion,1
Martin Garrix,Justin Mylo,1
KAROL G,Nicky Jam,3
J Balvin,Nicky Jam,3
BTS,Nicki Minaj,1
6LACK,Offset,1
Drake,Michael Jackson,1
Clean Bandit,Demi Lovato,1
Tiësto,Dzeko,1
Tiësto,Post Malone,1
Dzeko,Post Malone,1
Martin Garrix,Khalid,1
Jonas Blue,Jack & Jack,1
Becky G,Natti Natasha,1
Kygo,Imagine Dragons,1
Nicki Minaj,Ariana Grande,1
Nicky Jam,J Balvin,2
J Balvin,Zion & Lennox,2
Nicky Jam,Maluma,1
Nicky Jam,Ozuna,3
J Balvin,Maluma,2
Maluma,Ozuna,1
Reik,Ozuna,1
Reik,Wisin,1
Ozuna,Wisin,2
Ozuna,Manuel Turizo,1
Shakira,Maluma,2
Daddy Yankee,Becky G,2
Daddy Yankee,Bad Bunny,4
Natti Natasha,Becky G,3
Natti Natasha,Bad Bunny,1
Becky G,Bad Bunny,2
Khalid,Normani,1
KYLE,Kehlani,1
Cosculluela,Bad Bunny,1
Khalid,6LACK,1
Khalid,Ty Dolla $ign,1
6LACK,Ty Dolla $ign,1
Sebastian Yatra,Lary Over,1
Wiz Khalifa,Swae Lee,1
Juice WRLD,Lil Uzi Vert,1
Post Malone,Nicki Minaj,1
Cheat Codes,Little Mix,1
Lil Dicky,Chris Brown,1
Luis Fonsi,Stefflon Don,1
Wolfine,Maluma,1
Nicky Jam,Will Smith,1
Nicky Jam,Era Istrefi,1
Will Smith,Era Istrefi,1
Liam Payne,J Balvin,1
Kygo,Miguel,1
Drake,Ty Dolla $ign,2
YG,2 Chainz,1
YG,Big Sean,1
YG,Nicki Minaj,1
2 Chainz,Big Sean,1
2 Chainz,Nicki Minaj,1
Big Sean,Nicki Minaj,1
Wiz Khalifa,Lil Skies,1
Leslie Grace,Noriel,1
Sean Paul,David Guetta,1
Sean Paul,Becky G,1
David Guetta,Becky G,1
Drake,JAY-Z,2
Shawn Mendes,Julia Michaels,1
Rudimental,Major Lazer,1
Rudimental,Anne-Marie,1
Rudimental,Mr Eazi,1
Major Lazer,Anne-Marie,1
Major Lazer,Mr Eazi,1
Anne-Marie,Mr Eazi,1
David Guetta,Martin Garrix,1
Martin Garrix,Brooks,1
Rae Sremmurd,Juicy J,1
Swae Lee,Juicy J,1
2 Chainz,Drake,1
Drake,Quavo,2
Justin Quiles,Zion & Lennox,2
Bushido,Samra,1
Bushido,Capital Bra,1
Julia Michaels,Trippie Redd,1
Avicii,Aloe Blacc,2
Miley Cyrus,Ghostface Killah,1
Tory Lanez,Quavo,1
Quavo,Tyga,1
Gucci Mane,Justin Bieber,1
Kendrick Lamar,Rihanna,1
Kendrick Lamar,U2,1
Calvin Harris,Frank Ocean,1
Calvin Harris,Migos,1
Frank Ocean,Migos,1
Jax Jones,RAYE,1
Enrique Iglesias,Zion & Lennox,1
Descemer Bueno,Zion & Lennox,1
Drake,Travis Scott,3
G-Eazy,Kehlani,1
Major Lazer,PARTYNEXTDOOR,1
Major Lazer,Nicki Minaj,1
PARTYNEXTDOOR,Nicki Minaj,1
Future,Rihanna,1
ZAYN,PARTYNEXTDOOR,1
Cheat Codes,Demi Lovato,1
Pitbull,J Balvin,1
Pitbull,Camila Cabello,1
J Balvin,Camila Cabello,1
Calvin Harris,Young Thug,2
Calvin Harris,Pharrell Williams,2
Calvin Harris,Ariana Grande,1
Young Thug,Pharrell Williams,1
Young Thug,Ariana Grande,1
Pharrell Williams,Ariana Grande,1
Ariana Grande,Future,1
Vice,Jon Bellion,1
J Balvin,Arcangel,1
Ozuna,Arcangel,4
Drake,Jorja Smith,1
Machine Gun Kelly,Hailee Steinfeld,1
Bebe Rexha,Ty Dolla $ign,2
Snakehips,MØ,1
Sebastian Yatra,Nacho,1
Sebastian Yatra,Wisin,1
Nacho,Wisin,1
Don Omar,Zion & Lennox,1
Lil Yachty,Migos,1
Young Thug,2 Chainz,1
Young Thug,Wiz Khalifa,1
Young Thug,PnB Rock,1
2 Chainz,Wiz Khalifa,1
2 Chainz,PnB Rock,1
Wiz Khalifa,PnB Rock,1
Drake,2 Chainz,1
2 Chainz,Young Thug,1
Cali Y El Dandee,Shaggy,1
Migos,21 Savage,1
Migos,Ty Dolla $ign,1
Migos,Big Sean,1
Travis Scott,Ty Dolla $ign,1
Travis Scott,Big Sean,1
Ty Dolla $ign,Big Sean,1
Migos,Gucci Mane,2
Marshmello,Lil Peep,1
Sfera Ebbasta,Quavo,1
Maggie Lindemann,Cheat Codes,1
Martin Garrix,Dua Lipa,1
David Guetta,Afrojack,2
David Guetta,Charli XCX,1
David Guetta,French Montana,1
Afrojack,Charli XCX,1
Afrojack,French Montana,1
Charli XCX,French Montana,1
Yandel,Bad Bunny,3
The Weeknd,Kendrick Lamar,2
Bruno Mars,Cardi B,1
BlocBoy JB,Drake,1
Luis Fonsi,Demi Lovato,1
Rudimental,Jess Glynne,1
ScHoolboy Q,2 Chainz,1
Jay Rock,Kendrick Lamar,1
Jay Rock,Future,1
Jay Rock,James Blake,1
Kendrick Lamar,Future,1
Kendrick Lamar,James Blake,1
Future,James Blake,1
Maluma,Nego do Borel,1
Clean Bandit,Julia Michaels,1
Liam Payne,Rita Ora,1
Anitta,J Balvin,1
Justin Timberlake,Chris Stapleton,1
Khalid,Swae Lee,1
Bad Bunny,Prince Royce,1
Bad Bunny,J Balvin,2
Bad Bunny,Mambo Kingz,6
Bad Bunny,DJ Luian,6
Prince Royce,J Balvin,1
J Balvin,Mambo Kingz,1
J Balvin,DJ Luian,1
Ed Sheeran,Beyoncé,1
Kendrick Lamar,Travis Scott,1
Enrique Iglesias,Bad Bunny,1
Jason Derulo,French Montana,1
G-Eazy,A$AP Rocky,1
G-Eazy,Cardi B,1
A$AP Rocky,Cardi B,1
Martin Garrix,David Guetta,1
MC Fioti,Future,1
MC Fioti,J Balvin,1
MC Fioti,Stefflon Don,1
MC Fioti,Juan Magán,1
Future,J Balvin,1
Future,Stefflon Don,1
Future,Juan Magán,1
J Balvin,Stefflon Don,1
J Balvin,Juan Magán,1
Stefflon Don,Juan Magán,1
Famous Dex,A$AP Rocky,1
Migos,Nicki Minaj,1
Migos,Cardi B,2
Nicki Minaj,Cardi B,1
Miguel,Travis Scott,1
Logic,Alessia Cara,1
Logic,Khalid,1
Alessia Cara,Khalid,1
Alan Walker,Noah Cyrus,1
Alan Walker,Digital Farm Animals,1
Noah Cyrus,Digital Farm Animals,1
Ozuna,J Balvin,4
Kygo,Justin Jesso,1
Migos,Drake,2
Avicii,Rita Ora,1
Keala Settle,Zac Efron,1
Keala Settle,Zendaya,2
Zac Efron,Zendaya,2
Juan Magán,Manuel Turizo,1
Alex Sensation,Ozuna,1
Ab-Soul,Anderson .Paak,1
Ab-Soul,James Blake,1
Anderson .Paak,James Blake,1
Anitta,Tropkillaz,1
Nacho,Yandel,1
Nacho,Bad Bunny,1
Nacho,Mambo Kingz,1
Nacho,DJ Luian,1
Yandel,Mambo Kingz,1
Yandel,DJ Luian,1
Shakira,Nicky Jam,1
Taylor Swift,Ed Sheeran,3
Taylor Swift,Future,1
Ed Sheeran,Future,1
Joey Montana,Sebastian Yatra,1
Liam Payne,Quavo,1
Cashmere Cat,Major Lazer,1
Cashmere Cat,Tory Lanez,2
Major Lazer,Tory Lanez,1
Kodak Black,Lil Wayne,1
Jax Jones,Ina Wroldsen,1
Luis Fonsi,Daddy Yankee,2
Luis Fonsi,Justin Bieber,1
Daddy Yankee,Justin Bieber,1
Rich The Kid,Kendrick Lamar,1
Romeo Santos,Daddy Yankee,1
Romeo Santos,Nicky Jam,1
Daddy Yankee,Nicky Jam,1
Camila Cabello,Daddy Yankee,1
Migos,Post Malone,1
Gucci Mane,Migos,1
NAV,Lil Uzi Vert,1
Justin Bieber,BloodPop®,1
Jonas Blue,William Singe,1
Justin Bieber,Lil Wayne,1
Quavo,Lil Wayne,1
Chance the Rapper,Lil Wayne,2
Kodak Black,XXXTENTACION,1
Machine Gun Kelly,X Ambassadors,1
Machine Gun Kelly,Bebe Rexha,1
X Ambassadors,Bebe Rexha,1
DJ Khaled,Rihanna,1
DJ Khaled,Bryson Tiller,3
Rihanna,Bryson Tiller,1
SZA,Calvin Harris,1
Zedd,Alessia Cara,1
Kygo,Selena Gomez,1
Jason Derulo,Ty Dolla $ign,1
Nicki Minaj,Ty Dolla $ign,1
6ix9ine,Fetty Wap,1
Fetty Wap,A Boogie Wit da Hoodie,1
J Balvin,Jowell & Randy,1
Louis Tomlinson,Bebe Rexha,1
Louis Tomlinson,Digital Farm Animals,1
Bebe Rexha,Digital Farm Animals,1
ZAYN,Taylor Swift,1
Rae Sremmurd,Gucci Mane,1
Major Lazer,Justin Bieber,1
Major Lazer,MØ,2
Justin Bieber,MØ,1
Starley,Ryan Riback,1
Martin Garrix,Bebe Rexha,1
Migos,Lil Uzi Vert,1
Steve Aoki,Louis Tomlinson,1
Hailee Steinfeld,Grey,1
Hailee Steinfeld,Zedd,1
Grey,Zedd,1
Machine Gun Kelly,Camila Cabello,1
The Chainsmokers,Phoebe Ryan,1
The Vamps,Matoma,1
Jonas Blue,RAYE,1
Nevada,Mark Morrison,1
Nevada,Fetty Wap,1
Mark Morrison,Fetty Wap,1
Robin Schulz,David Guetta,2
Robin Schulz,Cheat Codes,1
David Guetta,Cheat Codes,1
J Balvin,Pharrell Williams,1
Pharrell Williams,Sky Rompiendo,1
Calvin Harris,Rihanna,2
Fifth Harmony,Ty Dolla $ign,1
Ricky Martin,Maluma,1
Jonas Blue,JP Cooper,1
Sia,Kendrick Lamar,1
Drake,Rihanna,1
Noah Cyrus,Labrinth,1
Coldplay,Seeb,1
Mike Perry,SHY Martin,1
Lil Wayne,Wiz Khalifa,1
Lil Wayne,Imagine Dragons,1
Lil Wayne,X Ambassadors,1
Lil Wayne,Logic,1
Lil Wayne,Ty Dolla $ign,1
Wiz Khalifa,Imagine Dragons,1
Wiz Khalifa,X Ambassadors,1
Wiz Khalifa,Logic,1
Wiz Khalifa,Ty Dolla $ign,1
Imagine Dragons,X Ambassadors,1
Imagine Dragons,Logic,1
Imagine Dragons,Ty Dolla $ign,1
X Ambassadors,Logic,1
X Ambassadors,Ty Dolla $ign,1
Logic,Ty Dolla $ign,1
Major Lazer,Fuse ODG,1
The Chainsmokers,XYLØ,1
Carlos Vives,Shakira,1
Cashmere Cat,Selena Gomez,1
Selena Gomez,Tory Lanez,1
21 Savage,Future,1
Metro Boomin,Future,1
Drake,21 Savage,3
Kungs,Cookin' On 3 Burners,1
Enrique Iglesias,Wisin,1
Cheat Codes,Kris Kross Amsterdam,1
G-Eazy,Bebe Rexha,1
Hearts & Colors,Andrelli,1
Major Lazer,DJ Snake,1
MØ,DJ Snake,1
IAmChino,Pitbull,1
IAmChino,Yandel,1
Pitbull,Yandel,1
Galantis,Hook N Sling,1
Chance the Rapper,2 Chainz,1
Lil Wayne,2 Chainz,1
The Chainsmokers,ROZES,1
KYLE,Lil Yachty,1
G-Eazy,Marc E. Bassy,2
Piso 21,Maluma,2
Cheat Codes,Dante Klein,1
David Guetta,Cedric Gervais,1
Maluma,Trap Capos,1
Maluma,Noriel,1
Maluma,Bryant Myers,1
Maluma,Juhn,1
Trap Capos,Noriel,1
Trap Capos,Bryant Myers,1
Trap Capos,Juhn,1
Noriel,Bryant Myers,1
Noriel,Juhn,1
Bryant Myers,Juhn,1
Charly Black,Daddy Yankee,1
Marc E. Bassy,G-Eazy,1
DVBBS,CMC$,1
Flume,Tove Lo,1
Mura Masa,A$AP Rocky,1
Mark Ronson,Bruno Mars,1
Kygo,Maty Noyes,1
Young Thug,J. Cole,2
J. Cole,Travis Scott,1
Martin Garrix,Fall Out Boy,1
Ed Sheeran,Chance the Rapper,1
Ed Sheeran,PnB Rock,1
Chance the Rapper,PnB Rock,1
The Chainsmokers,Bebe Rexha,1
Taylor Swift,Panic! At The Disco,1
Pedro Capó,Farruko,1
DJ Luian,Nicky Jam,1
DJ Luian,Darell,2
DJ Luian,Brytiago,2
Mambo Kingz,Nicky Jam,1
Mambo Kingz,Darell,2
Mambo Kingz,Brytiago,2
Anuel AA,Nicky Jam,2
Anuel AA,Darell,2
Anuel AA,Brytiago,1
Nicky Jam,Darell,1
Nicky Jam,Brytiago,1
Darell,Brytiago,1
YG,Tyga,1
YG,Jon Z,1
Tyga,Jon Z,1
ROSALÍA,J Balvin,1
ROSALÍA,El Guincho,1
J Balvin,El Guincho,1
Marshmello,CHVRCHES,1
Sean Paul,J Balvin,1
A Boogie Wit da Hoodie,6ix9ine,1
Kygo,Rita Ora,1
Sech,Maluma,1
Sech,Nicky Jam,3
Justin Quiles,Maluma,2
Justin Quiles,Nicky Jam,1
Justin Quiles,Farruko,2
Justin Quiles,Dalex,4
Maluma,Nicky Jam,2
Maluma,Farruko,1
Maluma,Dalex,1
Maluma,Lenny Tavárez,2
Nicky Jam,Dalex,1
Nicky Jam,Lenny Tavárez,2
Farruko,Dalex,2
Farruko,Lenny Tavárez,2
Dalex,Nicky Jam,1
Nicky Jam,Justin Quiles,2
Nicky Jam,Feid,1
DJ Snake,Selena Gomez,3
DJ Snake,Ozuna,3
DJ Snake,Cardi B,2
Selena Gomez,Ozuna,2
Selena Gomez,Cardi B,2
Tyga,J Balvin,1
J Balvin,Chris Brown,1
Mustard,Migos,1
Mark Ronson,Camila Cabello,1
Myke Towers,Farruko,2
Joyner Lucas,Logic,1
Jax Jones,Martin Solveig,1
Jax Jones,Madison Beer,1
Martin Solveig,Madison Beer,1
The Chainsmokers,5 Seconds of Summer,1
Wisin & Yandel,Romeo Santos,2
Cardi B,Bad Bunny,1
Cardi B,J Balvin,1
Nekfeu,Damso,1
Kygo,Chelsea Cutler,1
Ellie Goulding,Diplo,1
Ellie Goulding,Swae Lee,1
Diplo,Swae Lee,1
Manuel Turizo,Ozuna,1
Anuel AA,Haze,1
Offset,Cardi B,1
DJ Khaled,SZA,1
Avicii,Imagine Dragons,1
Hailee Steinfeld,Alesso,1
Hailee Steinfeld,Florida Georgia Line,1
Alesso,Florida Georgia Line,1
Avicii,A R I Z O N A,1
Kodak Black,Offset,1
Kodak Black,Travis Scott,1
Post Malone,Ty Dolla $ign,1
Calvin Harris,Sam Smith,1
Calvin Harris,Jessie Reyez,1
Sam Smith,Jessie Reyez,1
Jonas Blue,Theresa Rex,1
Bebe Rexha,Florida Georgia Line,1
Camila Cabello,Young Thug,1
YNW Melly,Kanye West,1
MAX,Quinn XCII,1
DJ Tune,GAB,1
Mente Fuerte,Sigma,1
Sigma,Mente Fuerte,1
Bad Bunny,Almighty,2
Bad Bunny,Bryant Myers,2
Bad Bunny,Noriel,1
Bad Bunny,Baby Rasta,1
Bad Bunny,Brytiago,1
Mambo Kingz,Almighty,2
Mambo Kingz,Bryant Myers,1
Mambo Kingz,Noriel,1
Mambo Kingz,Baby Rasta,1
DJ Luian,Almighty,2
DJ Luian,Bryant Myers,1
DJ Luian,Noriel,1
DJ Luian,Baby Rasta,1
Arcangel,Almighty,1
Arcangel,Bryant Myers,1
Arcangel,Noriel,1
Arcangel,Baby Rasta,1
Arcangel,Brytiago,1
Almighty,Bryant Myers,1
Almighty,Noriel,1
Almighty,Baby Rasta,1
Almighty,Brytiago,1
Bryant Myers,Noriel,1
Bryant Myers,Baby Rasta,1
Bryant Myers,Brytiago,1
Noriel,Baby Rasta,1
Noriel,Brytiago,1
Baby Rasta,Brytiago,1
Tiësto,Jonas Blue,1
Tiësto,Rita Ora,1
Jonas Blue,Rita Ora,1
R3HAB,A Touch Of Class,1
Hayden James,Gorgon City,1
Flo Rida,T-Pain,1
Skepta,Nafe Smallz,1
Pop Smoke,Kid Cudi,1
Marshmello,Khalid,2
Skepta,Pop Smoke,2
Skepta,A$AP Rocky,1
Skepta,Juicy J,1
Skepta,Project Pat,1
Pop Smoke,A$AP Rocky,1
Pop Smoke,Juicy J,1
Pop Smoke,Project Pat,1
A$AP Rocky,Juicy J,1
A$AP Rocky,Project Pat,1
Juicy J,Project Pat,1
Kanye West,Pusha T,2
Amrit Maan,DIVINE,1
Wiz Khalifa,Charlie Puth,1
Prem Dhillon,Amrit Maan,1
Sidhu Moose Wala,DIVINE,1
Sidhu Moose Wala,Sikander Kahlon,1
Sidhu Moose Wala,Mr. Capone-E,1
Jaz Dhami,Karan Aujla,1
Jass Manak,Emiway Bantai,1
Badshah,Diljit Dosanjh,1
Dilpreet Dhillon,Karan Aujla,1
Clean Bandit,Sean Paul,1
Clean Bandit,Anne-Marie,1
Sean Paul,Anne-Marie,1
Neha Kakkar,Badshah,1
Selena Gomez,Marshmello,1
Jasmine Sandlas,Garry Sandhu,2
Alan Walker,Sabrina Carpenter,1
Alan Walker,Farruko,1
Sabrina Carpenter,Farruko,1
Badshah,Neha Kakkar,2
Marshmello,Anne-Marie,1
Alan Walker,Ava Max,1
Jass Manak,DIVINE,1
88rising,NIKI,3
MAX,Lil Mosey,1
MAX,Olivia O'Brien,1
Lil Mosey,Olivia O'Brien,1
Ed Sheeran,Camila Cabello,1
Ed Sheeran,Cardi B,1
Camila Cabello,Cardi B,1
Loud Luxury,Brando,1
Becky Hill,Sigala,1
Niall Horan,Anne-Marie,1
Mike Posner,Seeb,1
Kanye West,Jamie Foxx,1
Ashe,FINNEAS,1
Rihanna,Calvin Harris,1
Maroon 5,SZA,1
Maroon 5,Cardi B,1
Maroon 5,Kendrick Lamar,1
Static & Ben El,24kGoldn,1
Static & Ben El,Snoop Dogg,1
Static & Ben El,Lil Baby,1
Snoop Dogg,Lil Baby,1
Maroon 5,Christina Aguilera,1
Maroon 5,Future,1
Jake La Furia,Rkomi,1
Fred De Palma,Omar Montes,1
Ghali,Marracash,1
TY1,Paky,1
TY1,Marracash,3
Paky,Marracash,2
TY1,Rkomi,1
TY1,VillaBanks,1
Gemitaiz,A$AP Ferg,1
Coez,Gemitaiz,2
Coez,Salmo,1
Marco Mengoni,Gazzelle,1
Side Baby,Paky,1
Fabio Rovazzi,Eros Ramazzotti,1
Side Baby,Izi,1
Ketama126,Franco126,1
Jake La Furia,Shiva,1
Sfera Ebbasta,Rvssian,5
Sfera Ebbasta,Myke Towers,1
Rvssian,Myke Towers,1
Izi,Jake La Furia,1
FSK SATELLITE,Irama,1
Fred De Palma,Lazza,1
Capo Plaza,Lil Tjay,1
Capo Plaza,Luciano,1
Sfera Ebbasta,Future,1
Steve Aoki,Willy William,1
Steve Aoki,Sean Paul,1
Steve Aoki,El Alfa,1
Steve Aoki,Sfera Ebbasta,1
Steve Aoki,Play-N-Skillz,1
Willy William,Sean Paul,1
Willy William,El Alfa,1
Willy William,Sfera Ebbasta,1
Willy William,Play-N-Skillz,1
Sean Paul,El Alfa,1
Sean Paul,Sfera Ebbasta,1
Sean Paul,Play-N-Skillz,1
El Alfa,Sfera Ebbasta,1
Sfera Ebbasta,Play-N-Skillz,1
Sfera Ebbasta,Offset,1
AVA,Capo Plaza,1
Takagi & Ketra,Elodie,1
Vegas Jones,Salmo,1
Boomdabash,Annalisa,2
Boomdabash,Baby K,2
TY1,Capo Plaza,1
AVA,VillaBanks,1
ANNA,MamboLosco,1
Shade,J-AX,1
Salmo,Jake La Furia,1
Gemitaiz,Coez,1
Gemitaiz,Marracash,1
Coez,Marracash,1
Rocco Hunt,Boomdabash,2
Marracash,Sfera Ebbasta,1
Lazza,Capo Plaza,1
Capo Plaza,Aya Nakamura,1
Gemitaiz,Franco126,1
Måneskin,Iggy Pop,1
Shiva,Lil Baby,1
Shiva,Paky,1
Marracash,Tiziano Ferro,1
Sean Paul,ChildsPlay,1
Irama,Willy William,1
Paky,Mahmood,1
Irama,Lazza,1
Elisa,Rkomi,1
Fred De Palma,Anitta,2
Izi,Ketama126,1
Jake La Furia,Izi,1
Mahmood,Elisa,1
Paky,Shiva,2
Shiva,Headie One,1
Lazza,Salmo,1
Rkomi,Tommaso Paradiso,2
Lous and The Yakuza,Sfera Ebbasta,1
Emma,Alessandra Amoroso,1
Sfera Ebbasta,Marracash,2
Sfera Ebbasta,Paky,1
Marracash,Paky,1
Franco126,Side Baby,1
Capo Plaza,Gunna,1
Mahmood,Sfera Ebbasta,1
Mahmood,Feid,1
Sfera Ebbasta,Feid,2
Capo Plaza,A Boogie Wit da Hoodie,1
Lazza,Tory Lanez,1
Lazza,French Montana,1
MamboLosco,Finesse,2
Shiva,Capo Plaza,1
Franco126,Coez,1
Franco126,Ketama126,1
Coez,Ketama126,1
Salmo,NSTASIA,1
Irama,Rkomi,1
Rkomi,Elodie,1
Takagi & Ketra,Salmo,1
Rocco Hunt,Elettra Lamborghini,1
Rocco Hunt,Lola Indigo,1
Elettra Lamborghini,Lola Indigo,1
Lazza,Takagi & Ketra,1
Fred De Palma,Justin Quiles,1
ANNA,Lazza,1
Ed Sheeran,Ultimo,1
Shiva,Ghali,1
Jake La Furia,Lazza,1
Sfera Ebbasta,Fivio Foreign,1
Rvssian,Fivio Foreign,1
Boro Boro,MamboLosco,1
Jake La Furia,Paky,1
Irama,Sfera Ebbasta,1
Gemitaiz,Sfera Ebbasta,1
Rkomi,Sfera Ebbasta,1
Rkomi,Irama,1
J-AX,Jake La Furia,1
Takagi & Ketra,Marco Mengoni,1
Takagi & Ketra,Giusy Ferreri,1
Sfera Ebbasta,Diplo,1
Rocco Hunt,J-AX,1
J-AX,Boomdabash,1
Sfera Ebbasta,J Balvin,1
Rkomi,Gazzelle,1
Baby K,Omar Montes,1
VillaBanks,Capo Plaza,1
Coez,TY1,1
Boomdabash,Alessandra Amoroso,1
VillaBanks,Boro Boro,1
Emma,Loredana Bertè,1
Hikaru Utada,Skrillex,1
KM,Awich,1
CHUNG HA,R3HAB,1
Lauv,Anne-Marie,1
Charlie Puth,BTS,2
BTS,Lauv,1
Steve Aoki,BTS,1
Pink Sweat$,6LACK,1
Coldplay,BTS,5
Clean Bandit,Zara Larsson,1
Justin Bieber,Lil Uzi Vert,1
Ali Gatie,Marshmello,1
Ali Gatie,Ty Dolla $ign,1
Marshmello,Ty Dolla $ign,1
BTS,Charli XCX,1
Afrojack,Bebe Rexha,1
Afrojack,Nicki Minaj,1
Bebe Rexha,Nicki Minaj,1
A$AP Rocky,FKA twigs,1
A$AP Rocky,Rod Stewart,1
A$AP Rocky,Miguel,1
A$AP Rocky,Mark Ronson,1
Rod Stewart,Miguel,1
Rod Stewart,Mark Ronson,1
Miguel,Mark Ronson,1
Gorillaz,Kali Uchis,1
Måneskin,Vegas Jones,1
Pop Smoke,Kodak Black,1
Quavo,Kodak Black,1
Pop Smoke,Pharrell Williams,1
Kid Cudi,Skepta,1
Kid Cudi,Pop Smoke,1
Alex Sensation,Farruko,1
Alex Sensation,Prince Royce,1
Alex Sensation,Kevin Lyttle,1
Farruko,Prince Royce,1
Farruko,Kevin Lyttle,1
Prince Royce,Kevin Lyttle,1
Gaullin,Julian Perretta,1
Sia,Banx & Ranx,1
Reik,Rocco Hunt,1
David Guetta,Kid Cudi,2
Yuna,Pink Sweat$,1
Lupe Fiasco,Guy Sebastian,1
Charles Ans,Gera MX,1
Charles Ans,Nanpa Básico,2
Gera MX,Nanpa Básico,2
Gera MX,Santa Fe Klan,1
Gera MX,Charles Ans,3
Nanpa Básico,Charles Ans,3
Nanpa Básico,Gera MX,2
Aleman,Cartel De Santa,1
Aleman,Rels B,1
Danna Paola,Mau y Ricky,1
Cartel De Santa,Aleman,1
MC Davo,Santa Fe Klan,1
Santa Fe Klan,Gera MX,1
Ghetto Kids,Malo,1
Carlos Rivera,Reik,1
Aleman,Snoop Dogg,2
Carlos Rivera,Maluma,1
Santa Fe Klan,MC Davo,1
Aleman,Santa Fe Klan,1
Santa Fe Klan,Snoop Dogg,1
Santa Fe Klan,Nanpa Básico,1
Santa Fe Klan,Big Soto,1
Santa Fe Klan,Neto Peña,2
Big Soto,Neto Peña,1
Lefty Sm,Santa Fe Klan,1
Sfera Ebbasta,Steve Aoki,1
Ronnie Flex,Mr. Polska,1
Idaly,Kevin,2
Bryan Mg,Ronnie Flex,1
Bryan Mg,Darkoo,1
Ronnie Flex,Darkoo,1
Idaly,Ronnie Flex,2
DJ DYLVN,Bizzey,1
DJ DYLVN,Ronnie Flex,1
DJ DYLVN,Dopebwoy,1
Bizzey,Ronnie Flex,1
Bizzey,Dopebwoy,2
Ronnie Flex,Dopebwoy,1
Chivv,Murda,1
Kevin,Ronnie Flex,1
Kevin,Jonna Fraser,1
Kevin,Idaly,4
Kevin,Murda,1
Headie One,Frenna,1
CHO,Bryan Mg,1
CHO,Idaly,2
Kempi,Architrackz,1
CHO,Stefflon Don,1
Architrackz,Bryan Mg,4
Architrackz,Dopebwoy,1
Bryan Mg,Dopebwoy,1
Frenna,Murda,2
Ronnie Flex,Murda,1
Chivv,Jonna Fraser,2
Ronnie Flex,Trobi,2
Broederliefde,KM,1
Broederliefde,Jayh,1
KM,Jayh,1
CHO,KM,1
Idaly,KM,1
Bizzey,Kraantje Pappie,1
Henkie T,Boef,1
Ronnie Flex,Young Ellens,1
Kempi,Kevin,1
Trobi,Broederliefde,1
Trobi,Jonna Fraser,1
Martin Garrix,Zedd,1
Kris Kross Amsterdam,Kraantje Pappie,1
Equalz,Jonna Fraser,1
Broederliefde,Frenna,1
Broederliefde,Kevin,1
Broederliefde,Bryan Mg,1
Idaly,Frenna,1
Idaly,Dopebwoy,1
Kevin,Frenna,2
Kevin,Dopebwoy,1
Frenna,Dopebwoy,2
Frenna,Jonna Fraser,9
Frenna,Kevin,3
Jonna Fraser,Kevin,1
Bizzey,Bryan Mg,1
Equalz,Broederliefde,1
Jonna Fraser,Boef,1
Esko,Jonna Fraser,1
Equalz,Ronnie Flex,1
KM,Jonna Fraser,1
Sam Feldt,VIZE,1
Broederliefde,Dopebwoy,1
Galantis,NGHTMRE,1
Kris Kross Amsterdam,Lil Kleine,1
Chivv,Dopebwoy,1
Chivv,Boef,1
Dopebwoy,Boef,2
Lil Kleine,Ronnie Flex,2
Lucas & Steve,Blackstreet,1
Lil Kleine,Kevin,1
Tungevaag,Sick Individuals,1
CHO,Frenna,1
Frenna,Idaly,1
Murda,Kevin,1
Murda,Idaly,1
Yxng Le,Frenna,1
Kris Kross Amsterdam,Tabitha,1
Kris Kross Amsterdam,Bizzey,1
Tabitha,Bizzey,1
Boef,Ronnie Flex,1
Henkie T,Winne,1
Armin van Buuren,JC Stewart,1
Dopebwoy,Jonna Fraser,3
Dopebwoy,Bizzey,1
R3HAB,Timmy Trumpet,1
Young Ellens,Bizzey,1
Young Ellens,Jebroer,1
Young Ellens,Poke,1
Bizzey,Jebroer,1
Bizzey,Poke,1
Jebroer,Poke,1
Lil Kleine,Boef,1
Matt Simons,Tabitha,1
Martin Garrix,Matisse & Sadko,1
Martin Garrix,John Martin,1
Matisse & Sadko,John Martin,1
Alesso,Armin van Buuren,1
The Partysquad,Young Ellens,1
Ronnie Flex,Jonna Fraser,1
Bryan Mg,Broederliefde,1
Henkie T,Bryan Mg,1
Ronnie Flex,Kris Kross Amsterdam,1
Dopebwoy,Lil Kleine,1
CHO,Henkie T,1
Jonna Fraser,Lil Kleine,1
Tabitha,Ronnie Flex,1
The Partysquad,Broederliefde,1
Chivv,Broederliefde,1
Idaly,Henkie T,1
Jonna Fraser,Dopebwoy,1
Ronnie Flex,Lil Kleine,1
John Legend,Stevie Wonder,1
Afrojack,Lucas & Steve,1
Afrojack,DubVision,1
Lucas & Steve,DubVision,1
Mariah Carey,Khalid,1
Mariah Carey,Kirk Franklin,1
Khalid,Kirk Franklin,1
John Legend,Esperanza Spalding,1
Kraantje Pappie,Bizzey,1
Flume,Toro y Moi,1
Lauv,Tyga,1
Keith Urban,P!nk,1
Drax Project,Fetty Wap,1
Niko Walters,Kiana Ledé,1
Netsky,Becky Hill,1
DJ Snake,Justin Bieber,1
Ozuna,Daddy Yankee,2
Ozuna,Farruko,3
Daddy Yankee,Farruko,3
J Balvin,Farruko,2
J Balvin,Anuel AA,1
Farruko,Anuel AA,1
Residente,Bad Bunny,1
Anuel AA,Romeo Santos,1
Bad Bunny,El Alfa,1
Bad Bunny,Anuel AA,1
Tony Dize,Yandel,1
El Alfa,Darell,1
El Alfa,Noriel,1
Darell,Noriel,1
Santa Fe Klan,Yoss Bones,1
Neto Peña,Yoss Bones,1
Arcangel,Bad Bunny,2
PARTYNEXTDOOR,Bad Bunny,1
Drake,Bad Bunny,1
Arcangel,Mambo Kingz,3
Arcangel,DJ Luian,3
Burna Boy,J Balvin,1
Sam Smith,Burna Boy,1
Burna Boy,Jorja Smith,1
Rema,6LACK,1
Mr Eazi,Konshens,1
DDG,Gunna,1
Rexx Life Raj,Wale,1
Rema,AJ Tracey,1
Rema,Chris Brown,1
Burna Boy,Stormzy,1
Naira Marley,Chivv,1
Burna Boy,WizKid,1
Burna Boy,Polo G,1
WizKid,Burna Boy,1
Tiwa Savage,Brandy,1
Au/Ra,Alan Walker,1
R3HAB,Kelvin Jones,1
Tungevaag,Jonth,1
Martin Jensen,Georgia Ku,1
Robinson,Jason Derulo,1
Robinson,Rema,1
Jason Derulo,Rema,1
Röyksopp,Astrid S,1
24kGoldn,Travis Barker,1
Matoma,A R I Z O N A,1
Seeb,Julie Bergan,1
Matoma,JP Cooper,1
CLMD,Broiler,2
CLMD,Tungevaag,2
Broiler,Tungevaag,1
AREA21,Martin Garrix,1
Jason Derulo,Kodak Black,1
Bebe Rexha,Travis Barker,1
Miley Cyrus,Elton John,1
Cash Cash,Wiz Khalifa,1
Cash Cash,Lukas Graham,1
Wiz Khalifa,Lukas Graham,1
Lemaitre,Anna of the North,1
James Blake,SZA,1
Tungevaag,Bassjackers,1
Sam Smith,Summer Walker,1
Cheat Codes,Little Big Town,1
Andy Grammer,R3HAB,1
Sam Feldt,Rita Ora,1
Lil Wayne,Bruno Mars,1
Sigrid,Bring Me The Horizon,1
Bruno Mars,Anderson .Paak,10
Regard,Years & Years,1
Seeb,K CAMP,1
Nick Strand,LUM!X,1
Sam Feldt,Kesha,1
Julie Bergan,Ruben,1
Tungevaag,Kid Ink,1
Astrid S,Kina,1
R3HAB,Andy Grammer,1
Seeb,Nina Nesbitt,1
KSHMR,Tungevaag,1
ILLENIUM,iann dior,1
Alok,John Legend,1
Don Diablo,Galantis,1
Lucas & Steve,Tungevaag,1
Ed Sheeran,MEDUZA,1
Matoma,Aaron Smith,1
David Guetta,Julie Bergan,1
David Guetta,Ty Dolla $ign,2
David Guetta,A Boogie Wit da Hoodie,2
Julie Bergan,Ty Dolla $ign,1
Julie Bergan,A Boogie Wit da Hoodie,1
Ty Dolla $ign,A Boogie Wit da Hoodie,2
Lemaitre,Ruben,1
Alok,The Vamps,1
Sam Feldt,Sam Fischer,1
Marcus & Martinus,Alex Rose,1
Pitbull,Ne-Yo,2
Shakira,David Guetta,1
Sidhu Moose Wala,Stefflon Don,1
Badshah,Sachin-Jigar,1
Neha Kakkar,Sachin-Jigar,1
Sidhu Moose Wala,Raja Kumari,1
Bohemia,Sidhu Moose Wala,1
Sidhu Moose Wala,Bohemia,1
Karan Aujla,YG,1
Prem Dhillon,Sidhu Moose Wala,1
Diljit Dosanjh,Tory Lanez,1
Myke Towers,Jon Z,1
De La Ghetto,Brray,1
De La Ghetto,Akim,1
Brray,Akim,1
Farruko,El Alfa,4
Darell,Sech,1
J Balvin,Yandel,1
J Balvin,Feid,1
Chucho Flash,Flex,1
El Gran Combo De Puerto Rico,Gilberto Santa Rosa,1
Eladio Carrion,Arcangel,1
Eladio Carrion,Jon Z,1
Jon Z,Noriel,1
Eladio Carrion,Nicky Jam,1
Rauw Alejandro,Tainy,1
Héctor Lavoe,Willie Colón,1
Sech,Rauw Alejandro,1
Nicky Jam,Rauw Alejandro,1
Sech,Wisin,2
Sech,Yandel,1
Wisin,Yandel,2
Sech,Ozuna,2
Sech,Anuel AA,1
Sech,Darell,2
Ozuna,Nicky Jam,2
Darell,Nicky Jam,2
Reik,Jay Wheeler,1
Arcangel,Eladio Carrion,2
Arcangel,Brray,2
Romeo Santos,Ozuna,1
Myke Towers,Aleman,2
Sech,Tyga,1
Eladio Carrion,Corina Smith,1
Italian Somali,Da Silva,1
Wisin & Yandel,Chris Brown,1
Wisin & Yandel,T-Pain,1
Chris Brown,T-Pain,1
"Héctor ""El Father""",Wisin & Yandel,1
Paulo Londra,De La Ghetto,1
Paulo Londra,Justin Quiles,1
De La Ghetto,Justin Quiles,1
Yandel,Rauw Alejandro,2
Bad Bunny,Cazzu,1
Duki,Cazzu,1
Os Barões Da Pisadinha,Fernando & Sorocaba,1
Don Omar,Plan B,1
Dalex,Anitta,1
Dalex,Natti Natasha,1
Dalex,Farruko,1
Lenny Tavárez,Anitta,1
Lenny Tavárez,Natti Natasha,1
Lenny Tavárez,Farruko,1
Lenny Tavárez,Justin Quiles,2
Anitta,Natti Natasha,1
Anitta,Farruko,1
Anitta,Justin Quiles,2
Natti Natasha,Justin Quiles,2
Rich Music LTD,Wisin,1
Rich Music LTD,Zion,1
Dalex,Wisin,1
Dalex,Zion,2
Justin Quiles,Wisin,1
Justin Quiles,Zion,2
Lenny Tavárez,Wisin,1
Lenny Tavárez,Zion,2
Feid,Wisin,1
Feid,Zion,1
Wisin,Zion,1
Zion & Lennox,Myke Towers,1
Rich Music LTD,Darell,1
Dalex,Darell,1
Justin Quiles,Darell,1
Arcangel,Sech,4
Tainy,Anuel AA,1
Tainy,Ozuna,1
Mike Bahía,Guaynaa,1
Mike Bahía,Ñejo,1
Guaynaa,Ñejo,1
Daddy Yankee,Zion & Lennox,2
La Factoria,Eddy Lover,1
Nio Garcia,Casper Magico,4
Nio Garcia,Bad Bunny,2
Nio Garcia,Darell,2
Nio Garcia,Ozuna,2
Nio Garcia,Nicky Jam,1
Casper Magico,Bad Bunny,1
Casper Magico,Darell,2
Casper Magico,Ozuna,2
Casper Magico,Nicky Jam,1
Bad Bunny,Darell,1
Bad Bunny,Ozuna,3
Darell,Ozuna,1
Bad Bunny,Drake,1
Ozuna,Mambo Kingz,3
Ozuna,DJ Luian,3
Ozuna,Bad Bunny,1
Ozuna,Almighty,1
Mambo Kingz,Bad Bunny,1
Mambo Kingz,Wisin,1
DJ Luian,Bad Bunny,1
DJ Luian,Wisin,1
Bad Bunny,Wisin,1
Wisin,Almighty,1
Greeicy,Alejandro Sanz,1
Reik,Maluma,2
Yannc,Darkiel,1
Yannc,Eladio Carrion,1
Yannc,Brray,1
Yannc,Myke Towers,1
Darkiel,Eladio Carrion,1
Darkiel,Brray,1
Darkiel,Myke Towers,1
Eladio Carrion,Myke Towers,2
Brray,Myke Towers,1
Rauw Alejandro,Chencho Corleone,3
Zion & Lennox,J Balvin,1
Carlos Vives,Sebastian Yatra,1
Arcangel,Yaga & Mackie,1
De La Ghetto,Yaga & Mackie,1
Arcangel,Romeo Santos,1
Sech,Romeo Santos,1
Becky G,Paulo Londra,1
Yaga & Mackie,Arcangel,1
Yaga & Mackie,De La Ghetto,1
Eddy Lover,La Factoria,1
Piso 21,Paulo Londra,1
Joey Montana,Greeicy,1
Joey Montana,Cali Y El Dandee,1
Greeicy,Cali Y El Dandee,2
Natti Natasha,Romeo Santos,1
Lunay,Daddy Yankee,1
Lunay,Bad Bunny,1
Farruko,Jay Wheeler,2
Sech,Myke Towers,1
Sech,Jay Wheeler,2
Myke Towers,Jay Wheeler,1
Sebastian Yatra,Reik,1
Justin Quiles,Natti Natasha,1
Natti Natasha,Lenny Tavárez,1
Natti Natasha,Dalex,1
Natti Natasha,Zion,1
Lenny Tavárez,Dalex,1
Mike Bahía,Llane,1
Mike Bahía,Mozart La Para,1
Llane,Mozart La Para,1
Dalex,Cazzu,1
Sech,Cazzu,1
Feid,Cazzu,1
Feid,Lenny Tavárez,1
Cazzu,Lenny Tavárez,1
Aventura,Don Omar,1
Chino & Nacho,Daddy Yankee,1
Cauty,Lenny Tavárez,1
Cauty,Jay Wheeler,1
Cauty,Noriel,1
Cauty,Alex Rose,1
Lenny Tavárez,Jay Wheeler,2
Lenny Tavárez,Noriel,1
Lenny Tavárez,Alex Rose,1
Jay Wheeler,Noriel,1
Jay Wheeler,Alex Rose,1
Noriel,Alex Rose,1
Mike Bahía,Greeicy,1
Mike Bahía,Danny Ocean,1
Greeicy,Mike Bahía,1
Mau y Ricky,Manuel Turizo,1
Manuel Turizo,Camilo,1
NIKI,88rising,1
Usher,Juicy J,1
T.I.,Snoop Dogg,1
T.I.,Jeremih,1
Snoop Dogg,Jeremih,1
Zendaya,Chris Brown,1
T-Pain,Akon,1
Usher,Alicia Keys,1
Jason Mraz,Colbie Caillat,1
Olexesh,Malik Montana,1
PlanBe,Young Igi,1
DZIARMA,Szpaku,1
Bedoes,BLACHA,4
Bedoes,White 2115,7
BLACHA,White 2115,2
Żabson,Young Igi,8
Moli,Beteo,1
Beteo,White 2115,3
Beteo,Mata,2
Mata,White 2115,4
White 2115,Bedoes,5
Alok,Sofi Tukker,1
Alok,INNA,1
Sofi Tukker,INNA,1
Kabe,Mr. Polska,1
Malik Montana,LX,1
Kizo,Kabe,1
Oki,Young Igi,18
Oki,Otsochodzi,16
Young Igi,Otsochodzi,16
Sarius,Smolasty,1
Sobel,2K,1
DZIARMA,Kizo,1
DZIARMA,2K,1
Kizo,2K,1
Sobel,Deemz,3
Deemz,Malik Montana,1
Bedoes,Blu,2
Bedoes,Szpaku,1
Szpaku,Deemz,1
Szpaku,DZIARMA,1
Deemz,DZIARMA,1
Kali,Kabe,1
Kali,Żabson,1
Kabe,Żabson,1
Kali,PlanBe,2
Malik Montana,K Koke,1
Mr. Polska,Kabe,1
Young Igi,Żabson,4
White 2115,Beteo,4
Bedoes,Beteo,3
Malik Montana,Trobi,1
Young Multi,White 2115,1
Szpaku,Kubi Producent,2
Deemz,Bedoes,1
Deemz,PlanBe,1
Bedoes,PlanBe,1
Sobel,Oki,2
2K,schafter,1
Sarius,Szpaku,1
Moli,White 2115,1
Pezet,Shuko,1
Deemz,Sobel,2
Deemz,Oki,1
Kizo,Pusher,1
Young Multi,Trill Pem,1
Mata,Deemz,2
Malik Montana,The Plug,2
Alok,Ilkay Sencan,1
Alok,Tove Lo,1
Ilkay Sencan,Tove Lo,1
Taco Hemingway,Bedoes,2
Malik Montana,DMN,1
Żabson,Mata,1
Smolasty,Qry,1
Żabson,Beteo,3
Smolasty,Kizo,1
TACONAFIDE,Taco Hemingway,1
TACONAFIDE,Bedoes,1
Malik Montana,Maxwell,1
Kizo,Oki,2
Kizo,White 2115,1
Mata,Taco Hemingway,1
Mata,Kubi Producent,1
Taco Hemingway,Kubi Producent,1
Kizo,Wac Toja,4
Oki,Sobel,1
Sobel,Young Igi,2
Oki,Taco Hemingway,1
Bedoes,Kubi Producent,1
White 2115,BLACHA,2
White 2115,Kubi Producent,1
BLACHA,Kubi Producent,1
Mata,Malik Montana,1
Kris Kross Amsterdam,Shaggy,1
Shaggy,Conor Maynard,1
Deemz,White 2115,1
Wac Toja,Kizo,1
Trill Pem,Wac Toja,1
Kizo,Malik Montana,1
Otsochodzi,Pezet,1
Kukon,Malik Montana,1
Oki,Kubi Producent,1
Young Igi,Kubi Producent,1
Otsochodzi,Kubi Producent,1
Żabson,Kizo,1
White 2115,Szpaku,1
Deemz,Żabson,1
Kizo,Trill Pem,1
White 2115,Mata,2
Mata,Beteo,1
2K,Deemz,1
Mata,Sarcastic Sounds,1
Żabson,Olszakumpel,1
2K,DZIARMA,1
Miyo,Tymek,1
Mr. Polska,Malik Montana,1
Kizo,Mr. Polska,1
Tymek,Trill Pem,1
Tymek,2K,1
Trill Pem,2K,1
Malik Montana,Tovaritch,1
Bedoes,Mata,1
Deemz,Smolasty,1
Smolasty,Sobel,1
MC Hariel,Alok,1
ROSALÍA,Travis Scott,1
Anitta,Chencho Corleone,1
Post Malone,Young Thug,1
Greg Ferreira,MC Kevin o Chris,1
Anitta,Dadju,1
Anitta,Mc Pedrinho,1
Anitta,Nicky Jam,1
Dadju,Mc Pedrinho,1
Dadju,Nicky Jam,1
Mc Pedrinho,Nicky Jam,1
Orochi,Filipe Ret,1
Pineapple StormTv,Azzy,2
Pineapple StormTv,Dudu,1
Pineapple StormTv,Maquiny,1
MC Cabelinho,Azzy,1
MC Cabelinho,Dudu,1
MC Cabelinho,Xamã,1
MC Cabelinho,Maquiny,1
Azzy,Filipe Ret,1
Azzy,Dudu,1
Azzy,Xamã,2
Azzy,Orochi,1
Azzy,Maquiny,1
Filipe Ret,Dudu,1
Filipe Ret,Xamã,1
Filipe Ret,Orochi,1
Filipe Ret,Maquiny,1
Dudu,Xamã,1
Dudu,Orochi,1
Dudu,Maquiny,1
Xamã,Orochi,1
Xamã,Maquiny,1
Orochi,Maquiny,1
Pineapple StormTv,Cynthia Luz,1
Azzy,Lourena,1
Azzy,L7NNON,1
Azzy,Cynthia Luz,1
Xamã,L7NNON,1
Xamã,Cynthia Luz,1
Lourena,L7NNON,1
Lourena,Cynthia Luz,1
L7NNON,Cynthia Luz,1
Dadju,Anitta,1
Os Barões Da Pisadinha,Maiara & Maraisa,1
Matuê,WIU,1
Anitta,YG,1
Anitta,Papatinho,1
Anitta,MC Kevin o Chris,1
YG,Papatinho,1
YG,MC Kevin o Chris,1
Papatinho,MC Kevin o Chris,1
Mc Davi,MC JottaPê,1
Mc Pedrinho,Mc Don Juan,2
Mc Pedrinho,MC JottaPê,1
Mc Don Juan,MC JottaPê,1
Xamã,Neo Beats,2
Xamã,MC Cabelinho,1
Matuê,L7NNON,1
Anitta,Saweetie,1
Alok,Mc Don Juan,1
Costa Gold,Kawe,1
Pabllo Vittar,Anitta,1
Mc Don Juan,Maiara & Maraisa,1
Anitta,Tyga,1
Denzel Curry,League of Legends,1
JACKBOYS,Pop Smoke,1
Pop Smoke,Travis Scott,1
Shaggy,Sean Paul,1
INNA,Sean Paul,1
andrei,bbno$,1
Ariana Grande,Mac Miller,1
Calvin Harris,Disciples,1
Kaskade,WILL K,1
Travis Scott,M.I.A.,1
Young Thug,M.I.A.,1
Britney Spears,Ginuwine,1
Saib,FloFilz,1
Charli XCX,Kim Petras,1
The Chainsmokers,Daya,1
Mark Ronson,Miley Cyrus,1
Daft Punk,Pharrell Williams,2
The Vamps,Demi Lovato,1
Alesso,CORSAK,2
Alesso,Stray Kids,1
CORSAK,Stray Kids,1
Swae Lee,Jhené Aiko,1
DJ Snake,Rick Ross,1
DJ Snake,Rich Brian,1
Rick Ross,Rich Brian,1
Gryffin,Elley Duhé,1
Little Mix,Jason Derulo,1
Lauv,Conan Gray,1
Tate McRae,Ali Gatie,1
Ed Sheeran,SUNMI,1
Calvin Harris,Katy Perry,1
Calvin Harris,Big Sean,1
Pharrell Williams,Katy Perry,1
Pharrell Williams,Big Sean,1
Katy Perry,Big Sean,1
Lauv,Troye Sivan,1
Jeremy Zucker,Chelsea Cutler,3
WEN,Saul,2
Trobi,Ronnie Flex,1
Trobi,Chivv,1
Ronnie Flex,Chivv,1
Trobi,Dopebwoy,1
Imagine Dragons,League of Legends,2
Regard,RAYE,1
Chris Brown,Lil Baby,1
Chris Brown,H.E.R.,1
Chris Brown,Ella Mai,1
Chris Brown,Bryson Tiller,1
Gunna,Chris Brown,1
Nas,Eminem,1
Nas,Ms. Lauryn Hill,1
SZA,6LACK,1
Chris Brown,Fivio Foreign,1
Nicki Minaj,G Herbo,1
Burna Boy,Kehlani,1
Masego,Don Toliver,2
Diplo,Elderbrook,1
Kendrick Lamar,SZA,1
Lil Wayne,Jeremih,1
DJ Khaled,H.E.R.,2
DJ Khaled,Migos,1
H.E.R.,Migos,1
DJ Khaled,Meek Mill,1
Bryson Tiller,Meek Mill,1
Bryson Tiller,H.E.R.,1
Meek Mill,H.E.R.,1
DJ Khaled,Justin Timberlake,1
DJ Khaled,Rick Ross,1
DJ Khaled,A Boogie Wit da Hoodie,1
DJ Khaled,Diddy,1
Big Sean,Rick Ross,1
Big Sean,A Boogie Wit da Hoodie,1
Big Sean,Diddy,1
Rick Ross,A Boogie Wit da Hoodie,1
Rick Ross,Diddy,1
A Boogie Wit da Hoodie,Diddy,1
Pink Sweat$,Kehlani,1
Sonder,Jorja Smith,1
Jorja Smith,GuiltyBeatz,1
benny blanco,Halsey,1
benny blanco,Khalid,1
Halsey,Khalid,1
Chris Brown,Drake,1
H.E.R.,Bryson Tiller,1
6LACK,J. Cole,1
Summer Walker,Ciara,1
Summer Walker,Omarion,1
Summer Walker,Drake,1
Summer Walker,Bryson Tiller,1
Fabolous,Tamia,1
Lunay,Bryant Myers,1
Lunay,Zion,1
Bryant Myers,Zion,1
Tainy,Yandel,3
Tainy,SAINt JHN,1
Yandel,SAINt JHN,1
Feid,Mora,1
Feid,Eladio Carrion,1
Mora,Eladio Carrion,1
Anuel AA,Mora,1
Lola Indigo,Mala Rodríguez,1
Lérica,Nil Moliner,1
Myke Towers,Jay Menez,1
Myke Towers,De La Ghetto,1
Myke Towers,Lyanno,1
Myke Towers,Mambo Kingz,1
Myke Towers,DJ Luian,1
Jay Menez,De La Ghetto,1
Jay Menez,Lyanno,1
Jay Menez,Mambo Kingz,1
Jay Menez,DJ Luian,1
De La Ghetto,Mambo Kingz,1
De La Ghetto,DJ Luian,1
Lyanno,Mambo Kingz,1
Lyanno,DJ Luian,1
Messiah,Nicky Jam,1
Messiah,Ozuna,1
Pitbull,Farruko,1
Pitbull,IAmChino,1
Pitbull,El Alfa,1
Farruko,IAmChino,1
IAmChino,El Alfa,1
Brray,Rauw Alejandro,1
Carlos Vives,Camilo,1
Akim,Dalex,1
Akim,Beéle,1
Dalex,Beéle,1
Eladio Carrion,Daddy Yankee,1
Eladio Carrion,Bobby Shmurda,1
J Balvin,Daddy Yankee,1
J Balvin,Bobby Shmurda,1
Daddy Yankee,Bobby Shmurda,1
Antonio José,Morat,1
Rauw Alejandro,Wisin,1
Gente De Zona,Maffio,1
Beret,Omar Montes,1
Prince Royce,Nicky Jam,1
Prince Royce,Jay Wheeler,1
Nicky Jam,Jay Wheeler,1
Justin Quiles,Robin Schulz,1
Jey Blessing,Rauw Alejandro,1
Farruko,Bryant Myers,1
El Alfa,Bryant Myers,1
El Alfa,Miky Woodz,1
El Alfa,"Secreto ""El Famoso Biberon""",1
Bryant Myers,Miky Woodz,1
Bryant Myers,"Secreto ""El Famoso Biberon""",1
Miky Woodz,"Secreto ""El Famoso Biberon""",1
Myke Towers,Miky Woodz,1
C. Tangana,Omar Montes,1
Miky Woodz,Nio Garcia,1
Miky Woodz,Jay Wheeler,1
Nio Garcia,Jay Wheeler,2
Rels B,Eladio Carrion,1
Bad Gyal,El Guincho,1
Dalex,iZaak,2
Justin Quiles,iZaak,1
Omar Montes,Duki,1
Cali Y El Dandee,Aitana,1
Justin Quiles,Rauw Alejandro,1
Lola Indigo,Guaynaa,1
Lola Indigo,Cauty,1
Guaynaa,Cauty,1
C. Tangana,Eliades Ochoa,1
C. Tangana,Omar Apollo,1
Nio Garcia,Farruko,1
Wisin,Arcangel,1
Wisin,Lenny Tavárez,1
Wisin,Jay Wheeler,1
Ozuna,Lenny Tavárez,1
Ozuna,Jay Wheeler,1
Arcangel,Jay Wheeler,2
Jon Z,Myke Towers,2
Myke Towers,Eladio Carrion,1
Wisin,Lunay,1
Wisin,Rauw Alejandro,1
Jhay Cortez,Myke Towers,2
Eladio Carrion,Jay Wheeler,1
Eladio Carrion,Sech,1
Nil Moliner,Yera,1
Amenazzy,Jay Wheeler,1
Bad Gyal,Rema,1
Beret,Melendi,1
Maffio,Darell,1
Bad Gyal,Rauw Alejandro,1
Aitana,Sebastian Yatra,1
Beret,Pablo Alborán,1
Aitana,Morat,1
Aitana,Cali Y El Dandee,1
C. Tangana,Andrés Calamaro,1
Prince Royce,Myke Towers,1
Dvicio,Lali,1
Omar Montes,Bad Gyal,1
Aitana,Natalia Lacunza,1
Lola Indigo,Rauw Alejandro,1
Lola Indigo,Lalo Ebratt,1
Rauw Alejandro,Lalo Ebratt,1
Danny Romero,Juan Magán,1
Young Martino,Lunay,1
Young Martino,Myke Towers,1
Young Martino,Jhay Cortez,1
Young Martino,Arcangel,1
Young Martino,Darell,1
Young Martino,Brray,1
Young Martino,Joyce Santana,1
Lunay,Jhay Cortez,1
Lunay,Arcangel,1
Lunay,Darell,1
Lunay,Brray,1
Lunay,Joyce Santana,1
Myke Towers,Jhay Cortez,4
Myke Towers,Arcangel,2
Myke Towers,Darell,2
Myke Towers,Brray,2
Myke Towers,Joyce Santana,1
Jhay Cortez,Darell,1
Jhay Cortez,Brray,1
Jhay Cortez,Joyce Santana,1
Arcangel,Darell,2
Arcangel,Joyce Santana,1
Darell,Brray,1
Darell,Joyce Santana,1
Brray,Joyce Santana,1
Lola Indigo,Beret,1
Justin Quiles,Daddy Yankee,1
Justin Quiles,El Alfa,1
Daddy Yankee,El Alfa,2
Lola Indigo,Danna Paola,1
Lola Indigo,Denise Rosenthal,1
Danna Paola,Denise Rosenthal,1
India Martinez,Marc Anthony,1
Yotuel,Beatriz Luengo,3
Yotuel,Omar Montes,2
Beatriz Luengo,Omar Montes,1
Kase.O,ToteKing,1
David Bisbal,Luis Fonsi,1
Aitana,Evaluna Montaner,1
Amenazzy,Myke Towers,1
Omar Montes,Maffio,1
Lérica,Beret,1
Lérica,Lalo Ebratt,1
Beret,Lalo Ebratt,1
Darell,El Alfa,1
Lérica,Mau y Ricky,1
David Bisbal,Aitana,1
David Bisbal,Danna Paola,1
J Balvin,Jhay Cortez,1
Cali Y El Dandee,Luis Fonsi,1
J Balvin,Myke Towers,1
C. Tangana,ROSALÍA,1
Omar Montes,Kevin Roldan,1
Pablo Alborán,Aitana,1
Sebastian Yatra,Aitana,1
Alvaro Soler,David Bisbal,1
Melendi,Mau y Ricky,1
Omar Montes,Yotuel,1
Omar Montes,Beatriz Luengo,2
Yotuel,Mala Rodríguez,1
Omar Montes,Mala Rodríguez,1
Mala Rodríguez,Beatriz Luengo,1
Alan Walker,K-391,2
Alan Walker,Boy In Space,1
K-391,Boy In Space,1
Whitney Houston,Clean Bandit,1
Burna Boy,Khalid,1
Flo Rida,INNA,1
Flo Rida,Timmy Trumpet,1
INNA,Timmy Trumpet,1
Kygo,Tina Turner,1
Elton John,Stevie Wonder,1
Galantis,Lucas & Steve,1
Galantis,ILIRA,1
Lucas & Steve,ILIRA,1
Saweetie,Lele Pons,1
Jonas Blue,LÉON,1
R3HAB,Lukas Graham,1
JC Stewart,Kina,1
David Guetta,John Martin,1
Armin van Buuren,R3HAB,1
Swedish House Mafia,Sting,1
R3HAB,Sigala,1
R3HAB,JP Cooper,1
Sigala,JP Cooper,1
NEIKED,Anne-Marie,1
Cheat Codes,Travis Barker,1
Cheat Codes,Tove Styrke,1
Travis Barker,Tove Styrke,1
Kygo,Donna Summer,1
Icona Pop,VIZE,1
El Profesor,HUGEL,1
Zara Larsson,Trevor Daniel,1
Zara Larsson,Young Thug,1
Alesso,Zara Larsson,1
Roxette,Galantis,1
Alan Walker,Georgia Ku,1
Swedish House Mafia,Ty Dolla $ign,1
Bryson Tiller,Justin Bieber,1
Topic,Bebe Rexha,1
Azzi Memo,Capo,1
RAF Camora,Juju,2
Veysel,Ufo361,1
Alan Walker,Winona Oak,1
Anonym,Samra,1
Headie One,Luciano,1
Major Lazer,Sia,1
Major Lazer,Labrinth,1
Labrinth,Diplo,1
PA Sports,Jamule,4
Veysel,Jamule,1
Kurdo,Capo,1
Pitbull,Afrojack,1
Pitbull,Nayer,1
Ne-Yo,Afrojack,1
Ne-Yo,Nayer,1
Afrojack,Nayer,1
Capital Bra,RAF Camora,1
Luciano,Ufo361,1
Luciano,Summer Cem,1
Luciano,Lucio101,1
Luciano,KALIM,1
KALIM,Lucio101,1
Kygo,Dean Lewis,2
RAF Camora,Ufo361,2
RAF Camora,The Cratez,1
Ufo361,The Cratez,1
Alok,Alan Walker,1
Snoop Dogg,Wiz Khalifa,1
Snoop Dogg,Bruno Mars,1
Wiz Khalifa,Bruno Mars,1
Vega,Haftbefehl,1
Ufo361,Bonez MC,1
Nea,Felix Jaehn,1
Bushido,Aaliyah,1
Fabolous,Snoop Dogg,1
Sa4,Bonez MC,2
Bonez MC,LX,5
Bonez MC,The Cratez,1
LX,The Cratez,1
RAF Camora,187 Strassenbande,1
RAF Camora,Maxwell,2
RAF Camora,LX,1
RAF Camora,Sa4,1
187 Strassenbande,Maxwell,9
187 Strassenbande,LX,7
187 Strassenbande,Sa4,8
Gzuz,Maxwell,5
Gzuz,LX,3
Maxwell,LX,3
RAF Camora,Ketama126,1
KC Rebell,Gzuz,1
Summer Cem,Nimo,2
Summer Cem,Dardan,1
Summer Cem,reezy,2
Nimo,Dardan,1
Nimo,KC Rebell,1
Nimo,reezy,1
Dardan,KC Rebell,1
Dardan,reezy,1
KC Rebell,reezy,1
Gzuz,Bonez MC,8
Sa4,Maxwell,1
Sa4,Gzuz,1
KALIM,Haftbefehl,2
Sean Paul,Sia,1
Olexesh,LX,1
Don Omar,Tego Calderon,1
Luciano,Headie One,2
Alvaro Soler,Cali Y El Dandee,1
Robin Schulz,Alle Farben,1
PA Sports,Capital Bra,1
Kardinal Offishall,Akon,1
Rihanna,JAY-Z,1
reezy,Luciano,1
Dadju,Chris Brown,1
Ufo361,Gzuz,1
Haftbefehl,Capo,1
Haftbefehl,Veysel,1
Afrojack,David Guetta,1
Capital Bra,Kollegah,1
SSIO,KALIM,1
R3HAB,Jonas Blue,1
R3HAB,Ava Max,1
Jonas Blue,Ava Max,1
Kianush,Jamule,2
Topic,Robin Schulz,1
Topic,Paul van Dyk,1
Robin Schulz,Paul van Dyk,1
Shawn Mendes,Camila Cabello,2
Dardan,Nimo,4
Gzuz,Veysel,1
Gzuz,The Cratez,1
Veysel,The Cratez,1
J Balvin,Ed Sheeran,2
Lost Frequencies,James Arthur,1
Felix Jaehn,Calum Scott,1
Lucio101,Ufo361,1
Dardan,RAF Camora,1
The Beatnuts,Method Man,1
Felix Jaehn,Robin Schulz,1
Robin Schulz,Georgia Ku,1
Fard,PA Sports,1
Jamule,Kianush,1
badmómzjay,KALIM,1
KALIM,reezy,1
Jamule,Capital Bra,1
Robin Schulz,Felix Jaehn,1
Veysel,KC Rebell,1
Aya Nakamura,Stormzy,1
Kygo,Whitney Houston,1
Gzuz,187 Strassenbande,1
Bonez MC,187 Strassenbande,1
Sa4,187 Strassenbande,2
MEDUZA,Becky Hill,1
ILIRA,VIZE,1
Undacava,Luciano,1
Capital Bra,Jamule,1
Dynoro,Gigi D'Agostino,1
ILIRA,Justin Jesso,1
ILIRA,Kelvin Jones,1
Justin Jesso,Kelvin Jones,1
Lazza,Sfera Ebbasta,1
Aya Nakamura,Damso,1
Kygo,DNCE,1
Pitbull,Kesha,1
JAY-Z,Alicia Keys,1
Nimo,Jamule,1
KASIMIR1441,badmómzjay,1
Felix Jaehn,VIZE,1
Felix Jaehn,Miss Li,1
VIZE,Miss Li,1
Felix Jaehn,FAULHABER,1
Dardan,Zuna,1
Major Lazer,Aya Nakamura,1
Major Lazer,Swae Lee,1
Aya Nakamura,Swae Lee,1
Aya Nakamura,Diplo,1
Swae Lee,Diplo,1
Gzuz,RAF Camora,1
Gzuz,Luciano,1
RAF Camora,Luciano,2
Robin Schulz,Dennis Lloyd,1
RAF Camora,Bonez MC,1
Ofenbach,Norma Jean Martine,1
Christina Aguilera,Ozuna,1
The Script,will.i.am,1
Ufo361,Pashanim,1
Ofenbach,Ella Henderson,1
Gryffin,OneRepublic,1
Bebe Rexha,A Boogie Wit da Hoodie,1
Avril Lavigne,blackbear,1
Steve Aoki,MAX,2
Martin Garrix,Tove Lo,1
Justin Bieber,Snoop Dogg,1
Justin Bieber,Ludacris,2
Usher,Snoop Dogg,1
Snoop Dogg,Ludacris,1
88rising,Rich Brian,1
Rich Brian,NIKI,1
DallasK,Lauv,1
Jonas Blue,Why Don't We,1
SHAUN,Conor Maynard,1
SHAUN,Sam Feldt,1
Conor Maynard,Sam Feldt,1
HONNE,NIKI,1
HONNE,Pink Sweat$,1
Lauv,LANY,1
Meghan Trainor,John Legend,1
PLVTINUM,Tarro,1
Destiny Rogers,Tyla Yaweh,1
Ariana Grande,Social House,1
Murda,Summer Cem,2
Summer Cem,Murda,3
Summer Cem,Yung Felix,1
Murda,Yung Felix,1
G-Eazy,Halsey,1
Shaggy,Collie Buddz,1
Murda,Luciano,1
FKA twigs,The Weeknd,1
Camila Cabello,Myke Towers,1
Camila Cabello,Tainy,1
Myke Towers,Tainy,1
Baby Keem,Brent Faiyaz,1
Jason Derulo,Maroon 5,1
24kGoldn,Justin Bieber,1
24kGoldn,J Balvin,1
24kGoldn,iann dior,2
Justin Bieber,J Balvin,1
Justin Bieber,iann dior,1
J Balvin,iann dior,1
Sam Smith,Normani,1
Marshmello,Bastille,1
Zedd,Maren Morris,1
Zedd,Grey,1
Maren Morris,Grey,1
Marshmello,Demi Lovato,1
Metro Boomin,Gunna,1
Marshmello,Halsey,1
The Chainsmokers,Coldplay,1
Jason Derulo,De La Ghetto,1
Sean Paul,Dua Lipa,1
The Chainsmokers,Halsey,1
Ed Sheeran,Khalid,1
D-Block Europe,Offset,1
D-Block Europe,M Huncho,1
Skepta,Rema,1
Skepta,J Balvin,1
Mura Masa,Lil Uzi Vert,1
Chris Brown,WizKid,1
KSI,Bugzy Malone,1
Shakira,Wyclef Jean,1
Mahalia,AJ Tracey,1
Aitch,Toddla T,1
Burna Boy,J Hus,1
Burna Boy,Ed Sheeran,2
Mr. Probz,Robin Schulz,1
Ed Sheeran,Bring Me The Horizon,1
Nafe Smallz,Lil Tjay,1
Nafe Smallz,M Huncho,1
Clean Bandit,iann dior,1
The Game,50 Cent,1
Tiësto,Charli XCX,1
Luude,Mattafix,1
Dominic Fike,Denzel Curry,1
Dave,Snoh Aalegra,1
KSI,Future,1
KSI,21 Savage,1
Future,21 Savage,1
Fredo,Headie One,1
Headie One,Burna Boy,1
Idina Menzel,Michael Bublé,1
Mariah Carey,Ariana Grande,1
Ed Sheeran,Elton John,2
Dolly Parton,Michael Bublé,1
Julia Michaels,Niall Horan,1
Riton,RAYE,1
M Huncho,Headie One,1
Dave,James Blake,1
Fredo,Pop Smoke,1
Aitch,AJ Tracey,1
Mabel,Jax Jones,1
Mabel,Galantis,1
Jax Jones,Galantis,1
French Montana,Swae Lee,1
Jax Jones,Au/Ra,1
Clean Bandit,Mabel,1
Clean Bandit,24kGoldn,1
Mabel,24kGoldn,1
Stormzy,Burna Boy,1
Stormzy,Ed Sheeran,1
RAYE,Rudimental,1
Fredo,Summer Walker,1
Eminem,Rihanna,1
MEDUZA,Hozier,1
Craig David,MNEK,1
Anne-Marie,Little Mix,1
Sigala,Rita Ora,1
WizKid,Justin Bieber,1
Dave,WizKid,1
Clean Bandit,Topic,1
MIST,Burna Boy,1
David Guetta,John Newman,1
Ed Sheeran,Justin Bieber,1
Diplo,Miguel,1
Mariah Carey,DJ Khaled,1
AJ Tracey,NAV,1
Fredo,Dave,1
Sigala,James Arthur,1
D-Block Europe,Aitch,1
AJ Tracey,Mabel,1
KSI,Craig David,1
KSI,Digital Farm Animals,2
Craig David,Digital Farm Animals,1
Gwen Stefani,Akon,1
Queen,David Bowie,1
Joel Corry,Mabel,1
Aitch,Ashanti,1
Jax Jones,MNEK,1
David Guetta,Becky Hill,1
David Guetta,Ella Henderson,1
Becky Hill,Ella Henderson,1
Dave,Stormzy,1
D-Block Europe,AJ Tracey,1
Joel Corry,David Guetta,2
Joel Corry,Bryson Tiller,1
David Guetta,Bryson Tiller,1
Dave,AJ Tracey,1
Dave,Fredo,1
Becky Hill,Galantis,1
Becky Hill,David Guetta,2
Eminem,Dido,1
MIST,Bugzy Malone,1
Becky Hill,Topic,1
Years & Years,Galantis,1
Estelle,Kanye West,1
Charli XCX,Rina Sawayama,1
Little Mix,Saweetie,1
D-Block Europe,RAYE,1
Anne-Marie,KSI,1
Anne-Marie,Digital Farm Animals,1
Dave,Burna Boy,1
KSI,YUNGBLUD,1
KSI,Polo G,1
YUNGBLUD,Polo G,1
Lady Gaga,Ariana Grande,1
Headie One,AJ Tracey,1
Headie One,Stormzy,1
AJ Tracey,Stormzy,1
Fat Joe,DJ Khaled,1
Sia,David Guetta,1
IC3PEAK,Bring Me The Horizon,1
Lost Frequencies,Calum Scott,1
Joel Corry,Jax Jones,1
Joel Corry,Charli XCX,1
Joel Corry,Saweetie,1
Jax Jones,Charli XCX,1
Jax Jones,Saweetie,1
Charli XCX,Saweetie,1
Joel Corry,RAYE,1
RAYE,David Guetta,1
JACKBOYS,Young Thug,1
Rita Ora,David Guetta,1
Rita Ora,Gunna,1
David Guetta,Gunna,1
Joel Corry,MNEK,1
Lil Peep,XXXTENTACION,1
A$AP Rocky,Skepta,1
Travis Scott,Kid Cudi,1
MiyaGi & Endspiel,Rem Digga,1
C. Tangana,Jorge Drexler,1
C. Tangana,Ed Maverick,1
Jorge Drexler,C. Tangana,1
J Balvin,Dua Lipa,2
Dua Lipa,Bad Bunny,2
Dua Lipa,Tainy,2
Bad Bunny,Tainy,3
Young Cister,Duki,1
Mau y Ricky,Eladio Carrion,1
Luis Fonsi,Manuel Turizo,1
Jennifer Lopez,Rauw Alejandro,1
Nicky Jam,Jhay Cortez,1
Jhay Cortez,Skrillex,1
Sebastian Yatra,Jhay Cortez,1
Ecko,Papichamp,3
Julia Michaels,Becky G,1
Sech,J Balvin,4
Natti Natasha,Maluma,1
C.R.O,Duki,2
C.R.O,WE$T DUBAI,1
C.R.O,Moonkey,1
Duki,WE$T DUBAI,1
Duki,Moonkey,1
WE$T DUBAI,Moonkey,1
Bizarrap,MHD,1
Javiielo,Neutro Shorty,1
Javiielo,Big Soto,1
Neutro Shorty,Big Soto,1
Selena Gomez,Camilo,1
Don Omar,Residente,1
Rauw Alejandro,Mr. Vegas,1
Farruko,Mr. Vegas,1
Arcangel,Justin Quiles,1
Justin Quiles,Eladio Carrion,3
Justin Quiles,De La Ghetto,3
Eladio Carrion,De La Ghetto,1
Anuel AA,Bad Bunny,1
Rauw Alejandro,KEVVO,1
Rauw Alejandro,Bryant Myers,1
Rauw Alejandro,Dalex,2
Chencho Corleone,KEVVO,1
Chencho Corleone,Bryant Myers,1
Chencho Corleone,Lyanno,1
Chencho Corleone,Dalex,1
KEVVO,Bryant Myers,1
KEVVO,Lyanno,1
KEVVO,Dalex,1
Bryant Myers,Lyanno,2
Bryant Myers,Dalex,1
Lyanno,Dalex,1
Lunay,Brytiago,1
Lunay,Revol,1
Brytiago,Revol,1
Brytiago,Myke Towers,1
Brytiago,Rauw Alejandro,1
Revol,Myke Towers,1
Revol,Rauw Alejandro,1
Natti Natasha,Prince Royce,2
Emilia,Alex Rose,1
Maluma,Myke Towers,1
Feid,Sky Rompiendo,1
Jowell & Randy,J Balvin,1
Feid,J Balvin,1
Feid,Maluma,1
Feid,Nicky Jam,1
Feid,Sech,1
Feid,Justin Quiles,2
J Balvin,Sech,2
J Balvin,Justin Quiles,2
Maluma,Sech,1
Maluma,Justin Quiles,2
Natti Natasha,Miky Woodz,1
Justin Quiles,Miky Woodz,1
Lenny Tavárez,iZaak,1
Sebastian Yatra,Justin Quiles,1
FMK,Duki,1
FMK,Emilia,1
FMK,Guaynaa,1
Emilia,Guaynaa,1
Duki,Juhn,1
Eladio Carrion,Bizarrap,1
Eladio Carrion,Duki,1
Bizarrap,Duki,2
Duki,Pekeño 77,1
Duki,Mesita,1
Pekeño 77,Mesita,1
Duki,Lucho SSJ,1
Duki,Farina,1
Lucho SSJ,Farina,1
Duki,Neo Pistea,1
Duki,Young Cister,1
Neo Pistea,Young Cister,1
Duki,Tobi,1
Lyanno,Rauw Alejandro,2
KAROL G,Wisin & Yandel,1
KAROL G,Ivy Queen,1
KAROL G,Zion,1
Wisin & Yandel,Nicky Jam,1
Wisin & Yandel,Ivy Queen,1
Nicky Jam,Ivy Queen,1
Ivy Queen,Zion,1
Justin Quiles,Arcangel,3
Justin Quiles,KEVVO,1
Arcangel,KEVVO,1
Dalex,KEVVO,1
Ecko,Cazzu,1
Ecko,Brray,1
Cazzu,Brray,1
Omy de Oro,Javiielo,1
KEVVO,Arcangel,1
KEVVO,Becky G,1
KEVVO,Darell,1
Arcangel,Becky G,1
Becky G,Darell,1
Cali Y El Dandee,Sebastian Yatra,1
Bhavi,Bizarrap,1
WOS,Nicki Nicole,1
WOS,CA7RIEL,1
Bizarrap,Anuel AA,1
Danny Ocean,TINI,1
Randy,Ape Drums,1
C. Tangana,Nathy Peluso,1
Nicki Nicole,Mora,1
Reik,Rauw Alejandro,1
Christina Aguilera,Becky G,1
Christina Aguilera,Nicki Nicole,1
Christina Aguilera,Nathy Peluso,1
Becky G,Nicki Nicole,1
Becky G,Nathy Peluso,1
Nicki Nicole,Nathy Peluso,1
C.R.O,FMK,1
Duki,FMK,1
Randy,Bizarrap,1
Duki,Justin Quiles,1
Duki,Bizarrap,2
Justin Quiles,Bizarrap,1
Duki,Rels B,1
Nicki Nicole,Rauw Alejandro,1
Nicki Nicole,Bizarrap,3
Lele Pons,Guaynaa,1
Selena Gomez,Myke Towers,1
Seven Kayne,Bhavi,1
Seven Kayne,Tobi,1
Bhavi,Tobi,1
Nio Garcia,Anuel AA,1
Nio Garcia,Myke Towers,3
Nio Garcia,Brray,2
Anuel AA,Myke Towers,3
Anuel AA,Brray,1
Mora,Lunay,1
Neo Pistea,Duki,1
Ozuna,Doja Cat,1
Ozuna,Sia,1
Doja Cat,Sia,1
Luis Fonsi,Rauw Alejandro,1
Dalex,Chencho Corleone,1
Dalex,Juhn,1
Lenny Tavárez,Chencho Corleone,1
Lenny Tavárez,Juhn,2
Daddy Yankee,Marc Anthony,1
Wisin,Myke Towers,4
Wisin,Maluma,1
Wisin,Anitta,1
Myke Towers,Maluma,1
Myke Towers,Anitta,1
Maluma,Anitta,1
Cali Y El Dandee,Danna Paola,1
Camilo,Pedro Capó,1
Ozuna,KAROL G,1
Ozuna,Myke Towers,2
KAROL G,Myke Towers,1
Los Auténticos Decadentes,Mon Laferte,1
Aya Nakamura,Maluma,1
Brytiago,Jay Wheeler,1
Tainy,J Balvin,1
Lunay,Beéle,2
Rauw Alejandro,Lenny Tavárez,5
Duki,Nicki Nicole,1
Bizarrap,Nicky Jam,1
Lola Indigo,TINI,1
Mau y Ricky,Sebastian Yatra,1
Mau y Ricky,Mora,1
Sebastian Yatra,Mora,1
Cazzu,Justin Quiles,1
Nicki Nicole,Delaossa,1
Daddy Yankee,Myke Towers,2
Daddy Yankee,Jhay Cortez,1
Tainy,Rauw Alejandro,1
Pekeño 77,Duki,1
Gera MX,Rels B,1
Enrique Iglesias,Farruko,1
Natti Natasha,Nio Garcia,1
Natti Natasha,Brray,1
J Balvin,Jay Wheeler,1
Nestor En Bloque,John C,1
Nestor En Bloque,Papichamp,1
John C,Papichamp,2
Noriel,Manuel Turizo,1
Luis Fonsi,Myke Towers,1
Myke Towers,Nicki Nicole,1
Maluma,Beéle,1
Maluma,Rauw Alejandro,1
Maluma,Mambo Kingz,1
Maluma,DJ Luian,1
Maluma,Darell,1
Beéle,Rauw Alejandro,1
Beéle,Mambo Kingz,1
Beéle,DJ Luian,1
Beéle,Darell,1
Rauw Alejandro,Mambo Kingz,1
Rauw Alejandro,DJ Luian,1
Rauw Alejandro,Darell,2
Manuel Turizo,Rauw Alejandro,1
Manuel Turizo,Myke Towers,1
Rauw Alejandro,Myke Towers,2
Alex Rose,Rauw Alejandro,3
Nicky Jam,Romeo Santos,1
Bhavi,Neo Pistea,1
Bhavi,Midel,1
Neo Pistea,Midel,1
J Balvin,Chencho Corleone,1
Nicky Jam,Myke Towers,1
Camilo,El Alfa,1
Milly,Farruko,1
Milly,Nio Garcia,1
Milly,Jay Wheeler,1
Milly,Amenazzy,1
Farruko,Nio Garcia,1
Farruko,Amenazzy,1
Nio Garcia,Amenazzy,1
Jay Wheeler,Amenazzy,1
Sebastian Yatra,Guaynaa,1
Jay Wheeler,Miky Woodz,1
Rauw Alejandro,Camilo,1
Nio Garcia,Wisin & Yandel,1
Casper Magico,Wisin & Yandel,1
Casper Magico,Myke Towers,1
Ozuna,Wisin & Yandel,1
Wisin & Yandel,Myke Towers,1
Juhn,Jay Wheeler,1
Nicki Nicole,Lunay,1
Ozuna,Camilo,1
Manuel Turizo,Maluma,1
Kevin Roldan,Bryant Myers,1
Jay Wheeler,Myke Towers,2
Jay Wheeler,Rauw Alejandro,1
Jay Wheeler,Jhay Cortez,1
Jay Wheeler,Lunay,1
Myke Towers,DJ Nelson,1
Myke Towers,Lunay,1
Rauw Alejandro,DJ Nelson,1
DJ Nelson,Jhay Cortez,1
DJ Nelson,Lunay,1
Jhay Cortez,Lunay,1
Bizarrap,Nathy Peluso,1
Lenny Tavárez,Zion & Lennox,1
TINI,Lola Indigo,1
Natti Natasha,Cazzu,1
Natti Natasha,Farina,1
Cazzu,Farina,1
Sech,ROSALÍA,1
Daddy Yankee,ROSALÍA,1
J Balvin,ROSALÍA,1
ROSALÍA,Farruko,1
Manuel Turizo,Justin Quiles,1
Manuel Turizo,Dalex,1
Danny Ocean,KAROL G,1
Lyanno,Lenny Tavárez,1
Manuel Turizo,Wisin & Yandel,1
Reik,Farruko,1
Reik,Camilo,1
Farruko,Camilo,1
Nio Garcia,Rauw Alejandro,1
Nio Garcia,Lenny Tavárez,1
Rauw Alejandro,Casper Magico,1
Lenny Tavárez,Myke Towers,1
Lenny Tavárez,Casper Magico,1
Lenny Tavárez,Darell,1
Myke Towers,Casper Magico,1
Wisin,Farruko,1
Wisin,Jon Z,1
Yandel,Farruko,1
Yandel,Jon Z,1
Yandel,Chencho Corleone,1
Yandel,Myke Towers,1
Farruko,Jon Z,1
Farruko,Chencho Corleone,1
Jon Z,Chencho Corleone,1
Camilo,Pablo Alborán,1
Papichamp,Ecko,1
TINI,Alejandro Sanz,1
FMK,Beret,1
Nicky Jam,El Alfa,1
Lunay,Anitta,1
KAROL G,Camilo,1
Rauw Alejandro,J Balvin,1
Danna Paola,Sebastian Yatra,1
Emilia,Nicki Nicole,1
TINI,Beéle,1
Duki,Emilia,1
FMK,Mau y Ricky,1
Emilia,Duki,1
MYA,TINI,1
MYA,Duki,1
TINI,Duki,1
MYA,Emilia,1
Aitana,Nicki Nicole,1
TINI,Manuel Turizo,1
Ecko,John C,1
Dreamville,Sheck Wes,1
JID,Sheck Wes,1
J. Cole,Sheck Wes,1
blackbear,Machine Gun Kelly,1
Trippie Redd,XXXTENTACION,1
Trippie Redd,Ski Mask The Slump God,1
Alesso,Marshmello,1
Alesso,James Bay,1
Marshmello,James Bay,1
YNW Melly,Kodak Black,1
Quinn XCII,Chelsea Cutler,1
Meek Mill,Drake,1
Machine Gun Kelly,Lil Wayne,2
Machine Gun Kelly,iann dior,1
Machine Gun Kelly,Gunna,1
Machine Gun Kelly,Young Thug,1
Summer Walker,City Girls,1
Summer Walker,Cardi B,1
Summer Walker,Ari Lennox,1
Summer Walker,Pharrell Williams,1
Machine Gun Kelly,Bring Me The Horizon,1
Drakeo the Ruler,Drake,1
Don Toliver,Kali Uchis,1
Camila Cabello,WILLOW,1
Fivio Foreign,Polo G,1
Pusha T,JAY-Z,2
Pusha T,Pharrell Williams,2
JAY-Z,Pharrell Williams,2
Machine Gun Kelly,blackbear,3
Pusha T,Kid Cudi,1
Kanye West,Kid Cudi,1
Ed Sheeran,Lil Baby,1
Sam Fischer,Demi Lovato,1
Big Sean,Post Malone,1
iann dior,Trippie Redd,1
Internet Money,YoungBoy Never Broke Again,1
iann dior,Travis Barker,1
iann dior,Machine Gun Kelly,1
Travis Barker,Machine Gun Kelly,2
Belly,The Weeknd,2
Belly,Young Thug,1
Brittany Howard,Childish Gambino,1
The Kid LAROI,YoungBoy Never Broke Again,1
The Kid LAROI,Internet Money,1
YoungBoy Never Broke Again,Internet Money,1
The Kid LAROI,Machine Gun Kelly,1
Doja Cat,Young Thug,1
Trippie Redd,Travis Barker,1
Trippie Redd,Machine Gun Kelly,1
Trippie Redd,blackbear,1
Travis Barker,blackbear,1
Ariana Grande,Doja Cat,2
Lil Yachty,Kodak Black,1
Nipsey Hussle,JAY-Z,1
Daniel Caesar,H.E.R.,1
Young Thug,Meek Mill,1
Roddy Ricch,Lil Baby,2
Kendrick Lamar,Baby Keem,1
Kendrick Lamar,Summer Walker,1
Kendrick Lamar,Ghostface Killah,1
Summer Walker,Ghostface Killah,1
Lil Baby,Megan Thee Stallion,1
DJ Khaled,Nas,1
Nas,JAY-Z,1
DJ Khaled,Roddy Ricch,1
DJ Khaled,Lil Baby,3
Bryson Tiller,Roddy Ricch,1
Bryson Tiller,Lil Baby,1
Baby Keem,Travis Scott,1
Baby Keem,Don Toliver,1
Trippie Redd,Drake,1
Lil Tecca,Chief Keef,1
Lil Tecca,Trippie Redd,1
Chief Keef,Trippie Redd,1
Belly,Nas,1
The Weeknd,Nas,1
Trippie Redd,Lil Uzi Vert,2
Joyner Lucas,Lil Tjay,1
YNW Melly,Lil Uzi Vert,1
The Game,Kanye West,1
JID,21 Savage,1
NLE Choppa,Young Thug,1
Machine Gun Kelly,WILLOW,1
Dr. Dre,Snoop Dogg,3
Dr. Dre,Eminem,2
Kelly Clarkson,Ariana Grande,1
Young Thug,Juice WRLD,1
Young Thug,Mac Miller,1
Kygo,X Ambassadors,1
Fivio Foreign,The Kid LAROI,1
Brent Faiyaz,Alicia Keys,1
Brent Faiyaz,Drake,2
dvsn,Mac Miller,1
Ty Dolla $ign,Mac Miller,1
G Herbo,Polo G,1
G Herbo,Lil Tjay,1
Doja Cat,JID,1
Billie Eilish,ROSALÍA,1
Pop Smoke,50 Cent,1
Pop Smoke,Roddy Ricch,1
50 Cent,Roddy Ricch,1
G Herbo,Lil Uzi Vert,1
G Herbo,Juice WRLD,1
G Herbo,Chance the Rapper,1
Lil Uzi Vert,Juice WRLD,1
Lil Uzi Vert,Chance the Rapper,1
Juice WRLD,Chance the Rapper,1
Labrinth,Zendaya,3
2Pac,Dr. Dre,1
Nicki Minaj,Lil Baby,2
Future,Gunna,1
Future,Kodak Black,1
Pusha T,Lil Uzi Vert,1
Pusha T,Don Toliver,1
Lil Uzi Vert,Don Toliver,1
The Weeknd,Daft Punk,2
21 Savage,Drake,1
MEDUZA,Dermot Kennedy,1
Juice WRLD,The Weeknd,1
Maluma,The Weeknd,1
Juice WRLD,The Kid LAROI,2
benny blanco,Marshmello,1
benny blanco,Vance Joy,1
Marshmello,Vance Joy,1
SZA,Pharrell Williams,1
SZA,Ty Dolla $ign,1
Pharrell Williams,Ty Dolla $ign,1
G-Eazy,Chris Brown,1
G-Eazy,Mark Morrison,1
Chris Brown,Mark Morrison,1
Machine Gun Kelly,Halsey,1
Dan + Shay,Justin Bieber,1
Moneybagg Yo,Lil Wayne,1
Moneybagg Yo,Ashanti,1
Kali Uchis,SZA,1
Lil Wayne,Rich The Kid,1
Wale,J. Cole,1
Future,Kanye West,1
Pop Smoke,Kanye West,1
Pop Smoke,Pusha T,2
Pop Smoke,Dua Lipa,1
Pop Smoke,Lil Tjay,2
Lil Tjay,Swae Lee,1
Pop Smoke,Rick Ross,1
Pop Smoke,Chris Brown,1
Lil Uzi Vert,Pharrell Williams,2
J. Cole,Lil Tjay,1
Pop Smoke,BEAM,1
BEAM,Pusha T,1
Lil Nas X,Megan Thee Stallion,1
Lil Nas X,Elton John,1
Lil Nas X,Miley Cyrus,1
iann dior,Lil Uzi Vert,1
J Balvin,Skrillex,1
G-Eazy,Demi Lovato,1
Cardi B,Kanye West,1
Journey,Steve Perry,1
The Weeknd,Lana Del Rey,1
Calvin Harris,21 Savage,1
21 Savage,Gunna,1
21 Savage,Justin Bieber,1
Drake,Kid Cudi,1
Lil Wayne,Rick Ross,1
Meek Mill,Lil Uzi Vert,1
Nelly,Florida Georgia Line,2
24kGoldn,Lil Tecca,1
Lil Nas X,Doja Cat,1
Baby Keem,Kendrick Lamar,2
Drake,Giveon,2
Don Toliver,Travis Scott,2
Young Thug,A$AP Rocky,1
Young Thug,Post Malone,1
A$AP Rocky,Post Malone,1
Monsieur Periné,Vicente Garcia,1
Skylar Grey,Polo G,1
Skylar Grey,Eminem,1
Polo G,Eminem,1
Joyner Lucas,J. Cole,1
ScHoolboy Q,Kendrick Lamar,1
Tyga,Ty Dolla $ign,1
Drake,WizKid,1
J. Cole,6LACK,1
Migos,Polo G,1
Polo G,Pop Smoke,1
Polo G,Fivio Foreign,2
Pop Smoke,Fivio Foreign,1
Polo G,DaBaby,1
Migos,Juice WRLD,1
Polo G,Rod Wave,1
Polo G,G Herbo,1
Migos,Future,1
Polo G,Roddy Ricch,1
Migos,Pop Smoke,1
Polo G,Young Thug,1
Migos,YoungBoy Never Broke Again,1
Migos,Justin Bieber,1
Polo G,Nicki Minaj,1
Lil Tecca,Gunna,1
KSI,Lil Wayne,1
JAY-Z,Kanye West,2
JAY-Z,Frank Ocean,1
Kanye West,Frank Ocean,1
Martin Garrix,G-Eazy,1
DaBaby,City Girls,1
Juice WRLD,Post Malone,1
Clever,Post Malone,1
Myke Towers,Juhn,1
Juice WRLD,Marshmello,2
Juice WRLD,Polo G,2
Marshmello,The Kid LAROI,1
Marshmello,Polo G,1
The Kid LAROI,Polo G,2
Dominic Fike,Zendaya,1
Trippie Redd,Polo G,1
YoungBoy Never Broke Again,Ty Dolla $ign,1
Pop Smoke,21 Savage,1
The Kid LAROI,Mustard,1
Normani,Cardi B,1
Polo G,The Kid LAROI,1
Post Malone,The Kid LAROI,1
Post Malone,Gunna,1
Post Malone,Fleet Foxes,1
Kendrick Lamar,Sampha,1
Young Dolph,G Herbo,1
Bruno Mars,Thundercat,1
Anderson .Paak,Thundercat,1
Sech,Arcangel,3
Lil Baby,Travis Scott,1
J. Cole,21 Savage,1
J. Cole,Lil Baby,1
WILLOW,Travis Barker,1
Polo G,Lil Wayne,1
Joyner Lucas,Lil Baby,1
Lil Baby,Young Thug,1
blackbear,Tate McRae,1
Internet Money,Lil Uzi Vert,1
Gunna,Lil Uzi Vert,1
Don Toliver,Lil Uzi Vert,1
Galantis,David Guetta,1
Galantis,Little Mix,1
David Guetta,Little Mix,1
Post Malone,Quavo,1
Bugzy Malone,Fivio Foreign,1
Bugzy Malone,Darkoo,1
Fivio Foreign,Darkoo,1
Pharrell Williams,21 Savage,1
Lil Nas X,YoungBoy Never Broke Again,1
Eminem,Snoop Dogg,1
Kanye West,XXXTENTACION,1
Kendrick Lamar,Kodak Black,1
Young Nudy,21 Savage,1
Justin Bieber,The Kid LAROI,1
Internet Money,Lil Mosey,1
Lil Tecca,Lil Mosey,1
NF,Hopsin,1
Justin Bieber,Dominic Fike,1
Justin Bieber,Burna Boy,1
Justin Bieber,BEAM,1
DDG,Blueface,1
Moneybagg Yo,Future,1
Miley Cyrus,Dua Lipa,1
Taylor Swift,Colbie Caillat,1
Taylor Swift,Keith Urban,1
Lil Skies,Internet Money,1
BROCKHAMPTON,A$AP Rocky,1
BROCKHAMPTON,A$AP Ferg,1
A$AP Rocky,A$AP Ferg,1
Young Thug,Drake,2
Lil Tjay,Polo G,1
Lil Tjay,Offset,1
Lil Tjay,Moneybagg Yo,1
Offset,Moneybagg Yo,1
Wisin,Jhay Cortez,3
Rod Wave,Polo G,1
H.E.R.,Chris Brown,1
Juice WRLD,YoungBoy Never Broke Again,1
24kGoldn,Future,1
Megan Thee Stallion,DaBaby,1
Wallows,Clairo,1
Pop Smoke,A Boogie Wit da Hoodie,1
Juice WRLD,Young Thug,1
Swae Lee,Khalid,1
Mustard,Roddy Ricch,1
YBN Nahmir,21 Savage,1
J Balvin,Khalid,1
Ty Dolla $ign,Post Malone,1
Nelly Furtado,Timbaland,1
JP Saxe,Julia Michaels,1
The Kid LAROI,Juice WRLD,1
Young Thug,DaBaby,1
Gunna,21 Savage,1
Gunna,Kodak Black,1
Gunna,Future,3
Gunna,G Herbo,1
Future,Roddy Ricch,1
Summer Walker,SZA,1
Alesso,Katy Perry,1
Polo G,Trippie Redd,1
Pop Smoke,Lil Baby,1
Pop Smoke,DaBaby,1
Daniel Caesar,Kali Uchis,1
Playboi Carti,Bryson Tiller,1
Gesaffelstein,The Weeknd,1
NLE Choppa,Polo G,1
Post Malone,21 Savage,1
Kevin Gates,Juicy J,1
Drake,Project Pat,1
21 Savage,Project Pat,1
Fivio Foreign,Kanye West,1
Fivio Foreign,Alicia Keys,1
Kanye West,Alicia Keys,1
Kid Cudi,MGMT,1
Kendrick Lamar,Jay Rock,1
G Herbo,21 Savage,1
Kanye West,Syleena Johnson,1
Eminem,Nate Dogg,1
Trippie Redd,Playboi Carti,1
Kendrick Lamar,Zacari,1
Eminem,Juice WRLD,1
Kanye West,Dwele,1
Tiësto,Ava Max,1
YG,J. Cole,1
YG,Moneybagg Yo,1
J. Cole,Moneybagg Yo,1
J. Cole,Cults,1
Waka Flocka Flame,Wale,1
Bizarrap,Eladio Carrion,2
Bad Bunny,Farruko,2
Farruko,Arcangel,3
Farruko,DJ Luian,2
Farruko,Mambo Kingz,2
Lasso,Danna Paola,1
Camilo,Alejandro Sanz,1
Jay Wheeler,Mora,1
Big Soto,Jeeiph,1
Big Soto,Neutro Shorty,1
Jeeiph,Neutro Shorty,1
TINI,Becky G,1
TINI,Anitta,1
Becky G,Anitta,1
Duki,Mora,1
Polimá Westcoast,Feid,1
Polimá Westcoast,Paloma Mami,1
Polimá Westcoast,De La Ghetto,1
Feid,Paloma Mami,1
Feid,De La Ghetto,1
Paloma Mami,De La Ghetto,1
Natti Natasha,Daddy Yankee,1
Natti Natasha,Wisin & Yandel,1
KAROL G,Nicki Minaj,1
Morat,Cami,1
Morat,Aitana,1
Morat,Sebastian Yatra,1
Reik,Morat,1
Jhay Cortez,Ozuna,1
Fuego,Manuel Turizo,1
Fuego,Duki,1
Manuel Turizo,Duki,1
Wisin,Anuel AA,1
Fonseca,Greeicy,1
Fonseca,Cali Y El Dandee,1
Greeicy,Nacho,1
Bizarrap,Residente,1
Maluma,Chencho Corleone,1
Sech,De La Ghetto,2
Dalex,Arcangel,2
Dalex,De La Ghetto,2
De La Ghetto,Lenny Tavárez,2
De La Ghetto,Rauw Alejandro,1
J Balvin,Lenny Tavárez,1
Alex Rose,Lenny Tavárez,2
Alex Rose,Cazzu,2
Alex Rose,Lyanno,2
Rauw Alejandro,Cazzu,2
Lenny Tavárez,Cazzu,2
Lenny Tavárez,Lyanno,2
Cazzu,Lyanno,2
TINI,Morat,1
Bad Bunny,Chencho Corleone,1
Bad Bunny,Bomba Estéreo,1
Bad Bunny,Rauw Alejandro,1
Bad Bunny,Jhay Cortez,2
Bad Bunny,Tony Dize,1
Bad Bunny,Buscabulla,1
Bad Bunny,The Marías,1
Anuel AA,Chencho Corleone,1
Morat,Duki,1
Zion & Lennox,Danny Ocean,1
Eladio Carrion,Nicki Nicole,1
Beéle,Myke Towers,1
Beéle,Feid,1
Myke Towers,Feid,1
Wisin & Yandel,Sech,1
Wisin & Yandel,Jhay Cortez,1
Sech,Jhay Cortez,2
Lasso,Cami,2
Jerry Di,Big Soto,1
Jerry Di,Akapellah,1
Big Soto,Akapellah,1
LAGOS,Lasso,1
Daddy Yankee,Pitbull,1
Carlos Vives,Ricky Martin,1
Becky G,El Alfa,1
Don Omar,Nio Garcia,1
Becky G,KAROL G,1
Mora,Feid,1
Mora,Sech,2
Tainy,Bad Bunny,1
Tainy,Julieta Venegas,1
Bad Bunny,Julieta Venegas,1
Bizarrap,Paulo Londra,1
Eladio Carrion,Rels B,1
Mora,Bad Bunny,1
Bad Bunny,Sech,2
Shakira,Rauw Alejandro,1
Bad Bunny,Daddy Yankee,1
Maluma,Feid,1
Rvssian,Rauw Alejandro,1
Rvssian,Chris Brown,1
Rauw Alejandro,Chris Brown,1
Aventura,Bad Bunny,1
Eladio Carrion,KAROL G,1
Duki,De La Ghetto,1
Bad Bunny,Mora,1
Morat,Juanes,1
Eladio Carrion,Bad Bunny,1
Lunay,Juhn,1
Lenny Tavárez,Beéle,1
Juhn,Beéle,1
Mora,Zion,1
Daddy Yankee,Lil Jon,1
El Alfa,Lil Jon,1
Rauw Alejandro,Pol Granch,1
Eladio Carrion,Brytiago,1
Tiësto,KAROL G,1
Anuel AA,Jhay Cortez,1
Jhay Cortez,Bad Bunny,2
Feid,KAROL G,1
LAGOS,Danny Ocean,1
Sebastian Yatra,Myke Towers,1
Bad Bunny,ROSALÍA,1
DJ Nelson,Myke Towers,1
Nio Garcia,J Balvin,1
Wisin,Camilo,1
Anuel AA,Zion & Lennox,1
Anuel AA,Wisin,1
Daddy Yankee,Wisin,1
Zion & Lennox,Wisin,1
Farruko,Wisin,1
Sech,DJ Khaled,1
Super Yei,Myke Towers,1
Super Yei,Lenny Tavárez,1
Myke Towers,Lenny Tavárez,1
Daddy Yankee,Rauw Alejandro,1
Justin Quiles,Jay Wheeler,1
Justin Quiles,Bryant Myers,1
Justin Quiles,Tory Lanez,1
Jay Wheeler,Bryant Myers,1
Jay Wheeler,Eladio Carrion,1
Jay Wheeler,Tory Lanez,1
Bryant Myers,Eladio Carrion,1
Bryant Myers,Tory Lanez,1
Eladio Carrion,Tory Lanez,1
Anuel AA,Eladio Carrion,1
Bad Bunny,Jowell & Randy,1
Beret,Morat,1
Morat,Danna Paola,1
Myke Towers,Sech,1
Myke Towers,Zion,1
Arcangel,Zion,1
ROSALÍA,The Weeknd,1
J Balvin,KAROL G,1
Paulo Londra,Lenny Tavárez,1
Camilo,Shawn Mendes,1
Dua Lipa,BLACKPINK,1
DJ Khaled,DaBaby,1
DJ Khaled,Megan Thee Stallion,1
Post Malone,Megan Thee Stallion,1
DaBaby,Megan Thee Stallion,1
Megan Thee Stallion,Lil Baby,1
The Kid LAROI,Miley Cyrus,1
Ariana Grande,Kid Cudi,1
Juice WRLD,Justin Bieber,1
Lauv,BTS,1
Lizzo,Cardi B,1
Kehlani,Justin Bieber,1
Calvin Harris,Dua Lipa,2
Dua Lipa,Young Thug,1
The Weeknd,Lil Wayne,1
Demi Lovato,Ariana Grande,1
Taylor Swift,Maren Morris,1
Regard,Troye Sivan,1
Regard,Tate McRae,1
Troye Sivan,Tate McRae,1
Justin Bieber,Khalid,1
Lady Gaga,BLACKPINK,1
Camila Cabello,Ed Sheeran,1
Tyga,Doja Cat,1
Taylor Swift,Chris Stapleton,1
Taylor Swift,Phoebe Bridgers,1
Anne-Marie,Niall Horan,1
Lil Tjay,6LACK,1
Shawn Mendes,Tainy,1
Skrillex,Justin Bieber,1
Skrillex,Don Toliver,1
Justin Bieber,Don Toliver,2
Justin Bieber,TroyBoi,1
Swedish House Mafia,The Weeknd,1
Coldplay,Selena Gomez,1
Alan Walker,Conor Maynard,1
Naughty Boy,Sam Smith,1
DJ Snake,Megan Thee Stallion,1
Ozuna,Megan Thee Stallion,1
NEIKED,Polo G,1
Post Malone,The Weeknd,1
BTS,Megan Thee Stallion,1
Elton John,Charlie Puth,1
Billie Eilish,Khalid,1
Post Malone,Doja Cat,1
Megan Thee Stallion,Dua Lipa,1
Marshmello,Jonas Brothers,1
Maroon 5,Megan Thee Stallion,1
Doja Cat,Ariana Grande,1
Tate McRae,Khalid,1
Saweetie,Doja Cat,1
Justin Bieber,benny blanco,1
BLACKPINK,Selena Gomez,1
Cardi B,Megan Thee Stallion,1
Selena Gomez,Rauw Alejandro,1
Dua Lipa,DaBaby,1
Ariana Grande,Justin Bieber,1
Jason Derulo,BTS,1
Shawn Mendes,Justin Bieber,1
BLACKPINK,Cardi B,1
ZAYN,Sia,1
Ariana Grande,Megan Thee Stallion,1
Doja Cat,Megan Thee Stallion,1
Ed Sheeran,Taylor Swift,1
j-hope,Becky G,1
The Weeknd,Ariana Grande,2
Doja Cat,The Weeknd,1
BTS,Halsey,1
The Kid LAROI,Justin Bieber,1
Doja Cat,SZA,1
Juice WRLD,BTS,1
Justin Bieber,Daniel Caesar,1
Justin Bieber,Giveon,1
Daniel Caesar,Giveon,1
Imagine Dragons,JID,1
JID,League of Legends,1
TOMORROW X TOGETHER,Alan Walker,1
Cash Cash,Christina Perri,1
Charlie Puth,Selena Gomez,1
Maroon 5,Wiz Khalifa,1
Elton John,Dua Lipa,1
Elton John,PNAU,1
Dua Lipa,PNAU,1
