Id,Label,Total_Streams,Popularity
Daryl Hall & John Oates,Daryl Hall & John Oates,141937840.0,1
Gorgon City,Gorgon City,422135.0,0
Bizzey,Bizzey,19780055.0,0
Fabio Rovazzi,Fabio Rovazzi,363543.0,0
Evaluna Montaner,Evaluna Montaner,382455362.0,0
Taio Cruz,Taio Cruz,7553683.0,1
Camila Cabello,Camila Cabello,7306054355.0,6
Aventura,Aventura,901308175.0,0
Abraham Mateo,Abraham Mateo,77383540.0,1
KASIMIR1441,KASIMIR1441,106971964.0,0
A Boogie Wit da Hoodie,A Boogie Wit da Hoodie,1480424836.0,5
K/DA,K/DA,59130503.0,1
Ally Brooke,Ally Brooke,18019.0,0
Emma,Emma,17475826.0,0
Adexe & Nau,Adexe & Nau,96502.0,0
Tego Calderon,Tego Calderon,38789420.0,0
Tonny Tun Tun,Tonny Tun Tun,43671.0,0
Maty Noyes,Maty Noyes,2598170.0,0
The Drifters,The Drifters,409937.0,0
Florence + The Machine,Florence + The Machine,19832968.0,0
Ms. Lauryn Hill,Ms. Lauryn Hill,24205.0,0
Afro Bros,Afro Bros,101939379.0,0
Surfaces,Surfaces,515584891.0,1
Nicki Nicole,Nicki Nicole,1081709561.0,0
Chili Fernandez,Chili Fernandez,797343.0,0
Vice,Vice,74643102.0,0
YUNGBLUD,YUNGBLUD,120720879.0,1
ILLENIUM,ILLENIUM,265753734.0,1
Matoma,Matoma,200090215.0,0
The Script,The Script,25911733.0,2
George Ezra,George Ezra,420565456.0,1
Alec Benjamin,Alec Benjamin,569297973.0,5
Q-Tip,Q-Tip,8695060.0,0
Liam Payne,Liam Payne,924890409.0,1
Ed Sheeran,Ed Sheeran,18700501954.0,12
(G)I-DLE,(G)I-DLE,97824355.0,0
Monsieur Periné,Monsieur Periné,47373064.0,0
Ñejo & Dalmata,Ñejo & Dalmata,28662006.0,0
Men At Work,Men At Work,1015947.0,0
Jimilian,Jimilian,34672794.0,0
Jesse McCartney,Jesse McCartney,5361383.0,0
INXS,INXS,1913853.0,0
Patron,Patron,72219157.0,0
Kizo,Kizo,215064561.0,0
Alex Vargas,Alex Vargas,682184.0,0
Billie Eilish,Billie Eilish,12077930864.0,20
Papichamp,Papichamp,93037161.0,0
Au/Ra,Au/Ra,95284034.0,1
Side Baby,Side Baby,13023212.0,0
Kurdo,Kurdo,10719134.0,0
Lime Cordiale,Lime Cordiale,456269.0,0
Miss Li,Miss Li,80341255.0,0
The Pussycat Dolls,The Pussycat Dolls,8527297.0,0
Badshah,Badshah,151179938.0,0
Foster The People,Foster The People,22673898.0,1
Moby,Moby,24113760.0,0
Big Sean,Big Sean,1164957170.0,2
Ghost,Ghost,3671474.0,0
The Kid LAROI,The Kid LAROI,5578701546.0,0
Santana,Santana,5120047.0,0
ICON,ICON,8906226.0,0
NSTASIA,NSTASIA,21871693.0,0
SHAED,SHAED,227490885.0,2
Gucci Mane,Gucci Mane,1484369340.0,2
DMN,DMN,2757493.0,0
Lali,Lali,9733188.0,0
Van Morrison,Van Morrison,25470437.0,1
Kiiara,Kiiara,107259509.0,0
Nimo,Nimo,205816237.0,2
Gobs,Gobs,26498451.0,0
MK,MK,1482620.0,0
Omar Montes,Omar Montes,212160941.0,1
Jósean Log,Jósean Log,16244299.0,0
Willie Peyote,Willie Peyote,11362664.0,0
Lemaitre,Lemaitre,185287.0,0
Super Yei,Super Yei,183949717.0,1
Hook N Sling,Hook N Sling,32721533.0,0
De Vet Du,De Vet Du,4778252.0,0
Quinn XCII,Quinn XCII,23412051.0,0
Dvicio,Dvicio,3189496.0,0
Vale Lambo,Vale Lambo,24186900.0,0
Lucas Lucco,Lucas Lucco,31015022.0,0
The Notorious B.I.G.,The Notorious B.I.G.,27592885.0,2
Loredana Bertè,Loredana Bertè,3939000.0,0
Keala Settle,Keala Settle,298281148.0,1
Saweetie,Saweetie,873292386.0,0
Don Patricio,Don Patricio,5056685.0,1
White 2115,White 2115,420240918.0,0
The Cranberries,The Cranberries,10957985.0,2
Pineapple StormTv,Pineapple StormTv,224333690.0,0
Lisi,Lisi,156976.0,0
YL,YL,815837.0,0
Yandel,Yandel,808096946.0,0
YoungBoy Never Broke Again,YoungBoy Never Broke Again,631512307.0,1
Fonseca,Fonseca,10099406.0,0
Marginal Supply,Marginal Supply,15188331.0,0
AKI,AKI,3754387.0,0
Edward Maya,Edward Maya,177754.0,0
AREA21,AREA21,69292.0,0
Mata,Mata,467404129.0,0
MC Caverinha,MC Caverinha,1413659.0,0
Ghetto Kids,Ghetto Kids,7365758.0,1
Azzi Memo,Azzi Memo,5148142.0,0
Dave,Dave,482999357.0,1
League of Legends,League of Legends,1570191878.0,0
GOT7,GOT7,4029083.0,0
Ghost Rider,Ghost Rider,220725.0,0
Ciara,Ciara,34594.0,0
Maxiolly,Maxiolly,1301948.0,0
Giusy Ferreri,Giusy Ferreri,21582901.0,0
Mala Rodríguez,Mala Rodríguez,14022687.0,0
Cardi B,Cardi B,7189087867.0,4
Hearts & Colors,Hearts & Colors,46223688.0,0
Declan McKenna,Declan McKenna,8257018.0,0
Paul van Dyk,Paul van Dyk,8722502.0,0
BloodPop®,BloodPop®,439182117.0,0
HyunA,HyunA,1701909.0,0
Fat Freddy's Drop,Fat Freddy's Drop,1246137.0,0
Bon Jovi,Bon Jovi,2570135.0,1
K.Flay,K.Flay,1006911.0,0
Why Don't We,Why Don't We,119834357.0,5
Steve Lacy,Steve Lacy,622505431.0,0
Broiler,Broiler,12418723.0,0
Bassjackers,Bassjackers,93812.0,0
Post Malone,Post Malone,17290105505.0,10
Daft Punk,Daft Punk,1308334404.0,2
The Cratez,The Cratez,26473000.0,2
Mozart La Para,Mozart La Para,1744901.0,0
Rascal Flatts,Rascal Flatts,696855.0,0
Lil Uzi Vert,Lil Uzi Vert,3697649508.0,4
DI-RECT,DI-RECT,13376597.0,0
Gradur,Gradur,50824335.0,1
Natti Natasha,Natti Natasha,1714381988.0,2
Jerry Di,Jerry Di,246502739.0,0
Years & Years,Years & Years,83570083.0,0
Halsey,Halsey,5555371973.0,5
DaBaby,DaBaby,7207917340.0,5
BØRNS,BØRNS,271298665.0,1
Tamia,Tamia,1911206.0,0
Tevin Campbell,Tevin Campbell,72363.0,0
Twenty One Pilots,Twenty One Pilots,760508770.0,4
Two Door Cinema Club,Two Door Cinema Club,8457177.0,0
Ozuna,Ozuna,10407956906.0,6
The Doobie Brothers,The Doobie Brothers,3493693.0,1
Don Omar,Don Omar,283937263.0,1
Five Finger Death Punch,Five Finger Death Punch,250995.0,0
Brando,Brando,502905152.0,0
Tommaso Paradiso,Tommaso Paradiso,27682034.0,1
El Sawareekh,El Sawareekh,3326183.0,0
ILOVEMAKONNEN,ILOVEMAKONNEN,4878588.0,0
Journey,Journey,181290530.0,1
Azet,Azet,32887819.0,0
Astrid S,Astrid S,50565155.0,0
j-hope,j-hope,46627464.0,1
Volbeat,Volbeat,2772542.0,0
Method Man,Method Man,6442072.0,0
Röyksopp,Röyksopp,368879.0,0
Darkiel,Darkiel,3211989.0,0
Tiësto,Tiësto,2963831125.0,4
Kim,Kim,15610428.0,0
PA Sports,PA Sports,54247759.0,0
Raiden,Raiden,19893770.0,0
King Princess,King Princess,93339639.0,1
Renato S,Renato S,115101.0,0
Jowell & Randy,Jowell & Randy,817407847.0,0
KIDS SEE GHOSTS,KIDS SEE GHOSTS,92497327.0,0
Niko Walters,Niko Walters,4686046.0,0
Wallows,Wallows,161070335.0,0
GAB,GAB,1293143.0,0
Smith & Thell,Smith & Thell,7836958.0,0
Willy William,Willy William,962882363.0,0
Kevin Lyttle,Kevin Lyttle,5735823.0,0
Julie,Julie,2302534.0,0
Desiigner,Desiigner,170060632.0,0
Shaggy,Shaggy,163682616.0,0
Bee Gees,Bee Gees,9687715.0,0
Glaceo,Glaceo,510746.0,0
Carlos Baute,Carlos Baute,9708496.0,0
Garry Sandhu,Garry Sandhu,31067349.0,0
Luis Enrique,Luis Enrique,118684.0,0
Maná,Maná,10200344.0,0
Alessia Cara,Alessia Cara,1657118073.0,3
Vance Joy,Vance Joy,670493016.0,1
Jonna Fraser,Jonna Fraser,52432092.0,0
Usher,Usher,39940685.0,3
Gentle Bones,Gentle Bones,3672284.0,0
KVSH,KVSH,13371.0,0
Roxette,Roxette,1122627.0,1
Various Artists,Various Artists,183038345.0,0
Infernal,Infernal,5698761.0,0
Quality Control,Quality Control,108097650.0,1
Aleman,Aleman,82664214.0,0
Marcos Menchaca,Marcos Menchaca,293814.0,0
Yuri,Yuri,21888.0,0
Future,Future,4585094144.0,3
Tiwa Savage,Tiwa Savage,789417.0,0
Eric Church,Eric Church,5260776.0,0
Mark Ronson,Mark Ronson,538759980.0,2
Guy Sebastian,Guy Sebastian,4477391.0,0
Paige,Paige,415386.0,0
Bryce Vine,Bryce Vine,34911198.0,0
Eagles,Eagles,64996469.0,2
Neutro Shorty,Neutro Shorty,17979697.0,0
MØ,MØ,541620047.0,0
Yung Gravy,Yung Gravy,23934578.0,0
18 Karat,18 Karat,2431272.0,0
Ludacris,Ludacris,22156013.0,0
Whitney Houston,Whitney Houston,447580444.0,1
Yaga & Mackie,Yaga & Mackie,5227400.0,0
Colbie Caillat,Colbie Caillat,21636669.0,0
Leonard Cohen,Leonard Cohen,72632.0,0
The Cataracs,The Cataracs,422375.0,0
The National,The National,14385703.0,0
Wisin & Yandel,Wisin & Yandel,425712944.0,2
Otto Knows,Otto Knows,1361307.0,0
Bacilos,Bacilos,32536665.0,0
Cam’ron,Cam’ron,633622.0,0
Trippie Redd,Trippie Redd,1363944112.0,6
Vitão,Vitão,750241.0,1
Green Day,Green Day,40805.0,6
Obongjayar,Obongjayar,14533.0,0
Norma Jean Martine,Norma Jean Martine,242949418.0,0
Benjamin Hav,Benjamin Hav,4654515.0,0
Diego & Arnaldo,Diego & Arnaldo,27177321.0,1
DAAZ,DAAZ,49734566.0,0
Fero47,Fero47,14978708.0,0
KALEO,KALEO,11983327.0,1
Ninja,Ninja,69231.0,0
New Order,New Order,2148502.0,0
Azad,Azad,438332.0,0
Dove Cameron,Dove Cameron,433751184.0,0
C-BooL,C-BooL,3102376.0,0
Anna of the North,Anna of the North,7430013.0,0
Wale,Wale,3579101.0,0
Lil Skies,Lil Skies,241425207.0,2
Chris Linton,Chris Linton,735579.0,0
JP Saxe,JP Saxe,642701140.0,1
Los Tucanes De Tijuana,Los Tucanes De Tijuana,22682451.0,0
Dominic Fike,Dominic Fike,364839483.0,2
Troye Sivan,Troye Sivan,1235182354.0,1
L7NNON,L7NNON,504134428.0,0
Natalia Lafourcade,Natalia Lafourcade,122933617.0,0
Elley Duhé,Elley Duhé,919680082.0,0
Mohombi,Mohombi,49380.0,0
Sampha,Sampha,92694230.0,0
Murda,Murda,160184995.0,0
Lord Siva,Lord Siva,31328684.0,0
Beéle,Beéle,371399996.0,0
Sublime,Sublime,140499.0,0
Stray Kids,Stray Kids,70973633.0,0
Drake,Drake,19843813784.0,9
Rick Ross,Rick Ross,668167401.0,0
The Killers,The Killers,807607752.0,3
Felix Jaehn,Felix Jaehn,255142977.0,1
Winona Oak,Winona Oak,66781522.0,0
Oxxxymiron,Oxxxymiron,3351498.0,0
Shuko,Shuko,3627911.0,0
Armin van Buuren,Armin van Buuren,74723742.0,0
Kygo,Kygo,2805629765.0,7
Javiielo,Javiielo,19306276.0,0
Kings of Leon,Kings of Leon,53395583.0,2
Robinson,Robinson,10180530.0,0
El Chaval de la Bachata,El Chaval de la Bachata,307429.0,0
Céline Dion,Céline Dion,10946627.0,0
chillwagon,chillwagon,20452644.0,0
WALK THE MOON,WALK THE MOON,40843191.0,1
ÄTNA,ÄTNA,2611468.0,0
Collie Buddz,Collie Buddz,2565369.0,0
Ufo361,Ufo361,229926671.0,1
Pashanim,Pashanim,281723195.0,0
Beatriz Luengo,Beatriz Luengo,15652579.0,0
Kacey Musgraves,Kacey Musgraves,24575989.0,0
El Gran Combo De Puerto Rico,El Gran Combo De Puerto Rico,115344.0,0
Brray,Brray,476282663.0,0
Sidoka,Sidoka,56120092.0,0
CAMO,CAMO,27804.0,0
Nicki Minaj,Nicki Minaj,4212612512.0,1
Capital Bra,Capital Bra,559572024.0,1
Kevin Roldan,Kevin Roldan,276617968.0,0
Calle 13,Calle 13,313079.0,0
Hailee Steinfeld,Hailee Steinfeld,1016990817.0,4
187 Strassenbande,187 Strassenbande,157336726.0,0
21 Savage,21 Savage,4995273295.0,3
Nat King Cole,Nat King Cole,317912103.0,0
Drax Project,Drax Project,8608333.0,0
Nea,Nea,111082619.0,1
Kirk Franklin,Kirk Franklin,260746.0,0
Picture This,Picture This,5487226.0,0
Farina,Farina,45769015.0,0
Flume,Flume,42500369.0,1
Zwette,Zwette,32314.0,0
Serhat Durmus,Serhat Durmus,586415.0,0
Myke Towers,Myke Towers,6374400521.0,5
NCT,NCT,21970.0,0
Travis Scott,Travis Scott,10065463781.0,7
Muse,Muse,787515.0,1
The Plug,The Plug,26839413.0,0
bbno$,bbno$,836777583.0,0
James Blunt,James Blunt,161722723.0,1
John Martin,John Martin,1674007.0,0
Stephen Puth,Stephen Puth,5373511.0,0
Amenazzy,Amenazzy,312437086.0,0
Żabson,Żabson,160751509.0,0
Jarod,Jarod,303464.0,0
Sam Feldt,Sam Feldt,191768297.0,2
LOLO,LOLO,7043544.0,0
Young Cister,Young Cister,84795221.0,0
NEIKED,NEIKED,473681912.0,0
Rkomi,Rkomi,486928325.0,0
Vintage Culture,Vintage Culture,24748956.0,0
dvsn,dvsn,2264790.0,0
ANAVITÓRIA,ANAVITÓRIA,31582677.0,0
Sub Urban,Sub Urban,50366250.0,1
Machine Gun Kelly,Machine Gun Kelly,1074233921.0,0
Yera,Yera,6620161.0,1
Fred Hammond,Fred Hammond,11183853.0,0
Lil Silvio & El Vega,Lil Silvio & El Vega,93293.0,0
Beyoncé,Beyoncé,1015225908.0,5
Lennon Stella,Lennon Stella,291322859.0,0
The Strokes,The Strokes,5988.0,0
D-Block Europe,D-Block Europe,155214892.0,0
Ke Personajes,Ke Personajes,53988603.0,0
IZ*ONE,IZ*ONE,1189033.0,0
Jack & Jack,Jack & Jack,430111732.0,1
Veronica Maggio,Veronica Maggio,80963515.0,0
WINNER,WINNER,126491.0,0
Coez,Coez,91790704.0,0
Raftaar,Raftaar,2305664.0,0
Nekfeu,Nekfeu,82802156.0,0
Yo Gotti,Yo Gotti,132748864.0,0
Calum Scott,Calum Scott,1096427702.0,1
Playboi Carti,Playboi Carti,964345144.0,1
Broederliefde,Broederliefde,43211966.0,0
The xx,The xx,20065204.0,0
Lunay,Lunay,1141751248.0,3
James Blake,James Blake,198559125.0,0
Swae Lee,Swae Lee,4705013383.0,1
Hippie Sabotage,Hippie Sabotage,29762885.0,1
Revol,Revol,6735477.0,0
Coldplay,Coldplay,3707257175.0,9
AIELLO,AIELLO,7463691.0,0
Taco Hemingway,Taco Hemingway,39633045.0,0
Arcangel,Arcangel,1201959948.0,1
Eraserheads,Eraserheads,32061881.0,0
Fifth Harmony,Fifth Harmony,230933012.0,1
Baby K,Baby K,33850895.0,0
The Walters,The Walters,725025335.0,0
Moonstar88,Moonstar88,1109014.0,0
Danny Ocean,Danny Ocean,1542691795.0,3
Dynoro,Dynoro,681053983.0,1
The Wanted,The Wanted,483047.0,0
Cosculluela,Cosculluela,160516602.0,0
Gzuz,Gzuz,202567258.0,1
Perera DJ,Perera DJ,3552749.0,0
Cali Y El Dandee,Cali Y El Dandee,122468231.0,1
SEVENTEEN,SEVENTEEN,48362649.0,0
The Beatles,The Beatles,4454211.0,2
Chuck Berry,Chuck Berry,127507783.0,1
XYLØ,XYLØ,36913732.0,0
Flo Rida,Flo Rida,81976073.0,4
DREAMS COME TRUE,DREAMS COME TRUE,11636682.0,0
Ricardo Montaner,Ricardo Montaner,217312.0,0
The Weeknd,The Weeknd,15458348124.0,9
Skytech,Skytech,12849366.0,0
Rashid,Rashid,7828895.0,0
Andra,Andra,859382.0,0
Justin Timberlake,Justin Timberlake,501264035.0,2
Malik Montana,Malik Montana,144628852.0,0
Trill Pem,Trill Pem,29084440.0,0
Ghostemane,Ghostemane,198853.0,0
Noah Cyrus,Noah Cyrus,492733945.0,2
Seven Kayne,Seven Kayne,9453013.0,0
Ryn Weaver,Ryn Weaver,4328762.0,0
Carlos Rivera,Carlos Rivera,14343643.0,0
Sfera Ebbasta,Sfera Ebbasta,655795330.0,0
"Héctor ""El Father""","Héctor ""El Father""",370509.0,0
NAV,NAV,1480634481.0,1
KSI,KSI,214975941.0,1
Ashanti,Ashanti,44796469.0,0
Justin Bieber,Justin Bieber,18276406224.0,7
Sam Hunt,Sam Hunt,250652668.0,0
Rasel,Rasel,18943593.0,0
Destiny Rogers,Destiny Rogers,9883840.0,0
Sigma,Sigma,6810727.0,0
Kawe,Kawe,143136579.0,0
Kase.O,Kase.O,4509287.0,0
Stevie Wonder,Stevie Wonder,52551860.0,0
BONES,BONES,2734256.0,0
Jonas Blue,Jonas Blue,1367474284.0,5
Shelow Shaq,Shelow Shaq,67498.0,0
Meat Loaf,Meat Loaf,4723733.0,0
Vanessa Hudgens,Vanessa Hudgens,38096165.0,0
Rae Sremmurd,Rae Sremmurd,587082817.0,2
Raffé,Raffé,25960743.0,0
Erd1,Erd1,214674.0,0
Matthew Mole,Matthew Mole,21382.0,0
Fall Out Boy,Fall Out Boy,261881456.0,2
Jaden,Jaden,18934809.0,0
Landon Cube,Landon Cube,146616851.0,0
Static & Ben El,Static & Ben El,18603303.0,0
Elle King,Elle King,5318885.0,0
Kanye West,Kanye West,3383384191.0,5
Rem Digga,Rem Digga,3172893.0,0
"Gotay ""El Autentiko""","Gotay ""El Autentiko""",3296803.0,0
Miranda!,Miranda!,3654083.0,0
Phoebe Ryan,Phoebe Ryan,120558753.0,0
Feid,Feid,1695318497.0,1
Rich Brian,Rich Brian,229269438.0,0
Keane,Keane,13804830.0,1
Messiah,Messiah,1350659.0,0
Regard,Regard,1127779950.0,1
Disciples,Disciples,14624.0,0
MNEK,MNEK,1254092645.0,0
Mustasch,Mustasch,599175.0,0
Gilberto Santa Rosa,Gilberto Santa Rosa,19728.0,0
Chico Rose,Chico Rose,36876.0,1
Jorge Drexler,Jorge Drexler,6931248.0,0
Guilherme & Benuto,Guilherme & Benuto,224880155.0,2
Rina Sawayama,Rina Sawayama,7780804.0,0
Grupo Niche,Grupo Niche,15188228.0,0
Electric Light Orchestra,Electric Light Orchestra,15273141.0,1
Hale,Hale,56648410.0,0
Bad Gyal,Bad Gyal,116323958.0,1
Qveen Herby,Qveen Herby,131065.0,0
Jovanotti,Jovanotti,24775499.0,0
Leona Lewis,Leona Lewis,67333195.0,1
Jamaika,Jamaika,2850228.0,0
Solange,Solange,4746650.0,0
Mahalia,Mahalia,342800.0,0
Pharrell Williams,Pharrell Williams,893730754.0,1
DJ Khaled,DJ Khaled,2372833154.0,2
BlocBoy JB,BlocBoy JB,566980826.0,1
Bob Sinclar,Bob Sinclar,282686.0,0
ATEEZ,ATEEZ,931572.0,0
Lizzo,Lizzo,1431395350.0,2
Mente Fuerte,Mente Fuerte,24312254.0,0
Mankirt Aulakh,Mankirt Aulakh,16255924.0,0
Michael Jackson,Michael Jackson,258886900.0,2
Offset,Offset,2202175441.0,2
EREN CAN,EREN CAN,420915.0,0
Faustix,Faustix,3193241.0,0
Young Nudy,Young Nudy,32794437.0,0
Stefflon Don,Stefflon Don,249771446.0,0
Olivia Rodrigo,Olivia Rodrigo,11828420666.0,1
DJ Drama,DJ Drama,17081339.0,0
Air Supply,Air Supply,2543957.0,0
Koffee,Koffee,416970.0,0
Digital Farm Animals,Digital Farm Animals,486425502.0,0
Juicy J,Juicy J,192745814.0,0
Lola Indigo,Lola Indigo,116767339.0,0
Haze,Haze,221217583.0,0
Jão,Jão,71282874.0,0
Gera MX,Gera MX,647453374.0,0
Kollegah,Kollegah,45571403.0,0
Grace VanderWaal,Grace VanderWaal,4797212.0,0
MC Davo,MC Davo,40430930.0,0
Callalily,Callalily,1306004.0,0
2Pac,2Pac,12924167.0,2
Gotye,Gotye,127198640.0,1
Eartha Kitt,Eartha Kitt,83349847.0,0
Amrit Maan,Amrit Maan,10074131.0,0
Ed Maverick,Ed Maverick,161070279.0,1
DZIARMA,DZIARMA,3458995.0,0
Ecko,Ecko,105113774.0,0
Backstreet Boys,Backstreet Boys,5800155.0,1
Majid Jordan,Majid Jordan,1451784.0,0
Familjen,Familjen,1470903.0,0
Brasstracks,Brasstracks,5958061.0,0
Toro y Moi,Toro y Moi,6121989.0,0
Portugal. The Man,Portugal. The Man,503940750.0,1
Samra,Samra,395068631.0,2
Maria Gadú,Maria Gadú,761470.0,0
Rexx Life Raj,Rexx Life Raj,11455.0,0
CLMD,CLMD,7071968.0,1
Ibeyi,Ibeyi,1551748.0,0
FLETCHER,FLETCHER,21300107.0,0
Pretenders,Pretenders,6229670.0,0
Darius & Finlay,Darius & Finlay,4494600.0,0
KSHMR,KSHMR,2190496.0,0
Naomi Scott,Naomi Scott,14147192.0,0
Unlike Pluto,Unlike Pluto,31523.0,0
Carter,Carter,292337.0,0
PnB Rock,PnB Rock,212641233.0,0
Jungle,Jungle,7576.0,0
Lenny Tavárez,Lenny Tavárez,3170908033.0,0
Vicetone,Vicetone,42438485.0,0
Italian Somali,Italian Somali,2141176.0,0
Lil Jon,Lil Jon,23798899.0,0
Ricky Martin,Ricky Martin,236398493.0,0
Mon Laferte,Mon Laferte,25074323.0,0
Idaly,Idaly,35656069.0,0
Rim'K,Rim'K,27719623.0,0
Kubi Producent,Kubi Producent,91657172.0,0
Selena Gomez & The Scene,Selena Gomez & The Scene,4788730.0,1
Silvestre Dangond,Silvestre Dangond,12263888.0,0
Eve,Eve,65693930.0,0
Zuna,Zuna,36553206.0,0
Naira Marley,Naira Marley,493821.0,0
Flex,Flex,2293967.0,0
BLACKPINK,BLACKPINK,1667944571.0,1
Paul Simon,Paul Simon,751073.0,1
Lary Over,Lary Over,127370734.0,0
Normani,Normani,1355887332.0,1
Dragon,Dragon,207227.0,0
Pekeño 77,Pekeño 77,1142889.0,0
Rage Against The Machine,Rage Against The Machine,47275.0,1
Basta,Basta,340118.0,0
Huncho Jack,Huncho Jack,58287328.0,0
J. Cole,J. Cole,3127618662.0,3
Rocco Hunt,Rocco Hunt,208445761.0,1
Neon Trees,Neon Trees,69726740.0,0
ItaloBrothers,ItaloBrothers,65942709.0,0
ChocQuibTown,ChocQuibTown,45412178.0,0
Sam Fischer,Sam Fischer,133606248.0,1
A-Trak,A-Trak,4213019.0,0
Kranium,Kranium,3223687.0,0
The Lumineers,The Lumineers,33626503.0,0
Dua Lipa,Dua Lipa,14661412983.0,4
Billy Raffoul,Billy Raffoul,8765451.0,0
Miky Woodz,Miky Woodz,53811574.0,0
Llane,Llane,1689632.0,0
Danny Romero,Danny Romero,5642731.0,0
CHANMINA,CHANMINA,9129824.0,0
Dreamville,Dreamville,32813294.0,0
Linying,Linying,997071.0,0
Ty Dolla $ign,Ty Dolla $ign,2729923183.0,0
Boef,Boef,35629409.0,0
Yves V,Yves V,21149.0,0
Kenny Loggins,Kenny Loggins,5660671.0,0
The Kooks,The Kooks,54511287.0,0
Pk,Pk,14773721.0,0
Bruno Mars,Bruno Mars,4896033841.0,10
Los Auténticos Decadentes,Los Auténticos Decadentes,5542585.0,0
Diddy,Diddy,3930110.0,0
Lucas & Steve,Lucas & Steve,19043815.0,0
RÜFÜS DU SOL,RÜFÜS DU SOL,14775964.0,0
Emilia,Emilia,303361563.0,0
Maffio,Maffio,44395398.0,1
Thegiornalisti,Thegiornalisti,534093.0,0
Camilo,Camilo,3365616443.0,4
Luis Miguel,Luis Miguel,256458441.0,2
Sobel,Sobel,274167381.0,0
-M-,-M-,7857.0,0
ToteKing,ToteKing,2892655.0,0
Anne-Marie,Anne-Marie,2633576213.0,1
Buddy,Buddy,5421875.0,0
Frenna,Frenna,106288329.0,0
Harris & Ford,Harris & Ford,4640909.0,0
Maluma,Maluma,6833139296.0,5
Snoop Dogg,Snoop Dogg,334757283.0,0
Veysel,Veysel,43223855.0,0
TY1,TY1,22070471.0,0
Naughty Boy,Naughty Boy,870966.0,0
Nova,Nova,1542959.0,0
Juan Gabriel,Juan Gabriel,797945.0,0
Big Soto,Big Soto,84935018.0,0
Dolly Parton,Dolly Parton,1098346.0,0
Young M.A,Young M.A,38153355.0,1
Steve Aoki,Steve Aoki,353802862.0,0
PlanBe,PlanBe,11862257.0,0
Creedence Clearwater Revival,Creedence Clearwater Revival,11120597.0,3
Rebecca Black,Rebecca Black,211427.0,0
Ne-Yo,Ne-Yo,15895745.0,1
Bizarrap,Bizarrap,1936819929.0,2
MC Fioti,MC Fioti,134979902.0,0
Paramore,Paramore,50268536.0,0
Silentó,Silentó,733679.0,0
Nathy Peluso,Nathy Peluso,296425524.0,0
Sam Smith,Sam Smith,3654249741.0,6
Tyga,Tyga,2173135488.0,3
Henkie T,Henkie T,17712484.0,0
Los Retros,Los Retros,3645575.0,0
Thiaguinho MT,Thiaguinho MT,21098129.0,1
Ofenbach,Ofenbach,583562466.0,0
Jonth,Jonth,80932.0,0
Gustavo Cerati,Gustavo Cerati,22569842.0,0
Wiktoria,Wiktoria,211398.0,0
Costa Gold,Costa Gold,61028570.0,0
Don Mills,Don Mills,323326.0,0
Masked Wolf,Masked Wolf,1430715636.0,0
Lautaro Lopez,Lautaro Lopez,187920.0,0
Y2K,Y2K,610441444.0,1
Gestört aber GeiL,Gestört aber GeiL,376250.0,0
La Factoria,La Factoria,70039368.0,0
SLANDER,SLANDER,35088118.0,0
Jeeiph,Jeeiph,38250571.0,0
Mr. Vegas,Mr. Vegas,41004139.0,0
Ape Drums,Ape Drums,60967508.0,0
David Puentez,David Puentez,1282699.0,0
Bad Bunny,Bad Bunny,30522801157.0,9
reezy,reezy,40157915.0,1
Zouhair Bahaoui,Zouhair Bahaoui,3949236.0,0
Kat Dahlia,Kat Dahlia,2397336.0,0
FSK SATELLITE,FSK SATELLITE,2298628.0,1
Mokita,Mokita,465568.0,0
Matisse & Sadko,Matisse & Sadko,892698.0,0
Marco Mengoni,Marco Mengoni,85134760.0,0
Tracy Chapman,Tracy Chapman,87889.0,1
DMX,DMX,34467762.0,0
Farruko,Farruko,5815046599.0,2
Sidhu Moose Wala,Sidhu Moose Wala,251977665.0,0
Grimes,Grimes,234461.0,0
OneRepublic,OneRepublic,1742934354.0,2
SuperM,SuperM,5421847.0,1
Ilkay Sencan,Ilkay Sencan,43899147.0,0
Swedish House Mafia,Swedish House Mafia,520239725.0,1
CVBZ,CVBZ,40925494.0,0
Darlene Love,Darlene Love,128865938.0,0
SALES,SALES,49768480.0,0
Childish Gambino,Childish Gambino,861312843.0,2
Deemz,Deemz,36512211.0,0
Alex Sensation,Alex Sensation,199570971.0,0
Manuellsen,Manuellsen,1655794.0,0
Robin Schulz,Robin Schulz,787122512.0,2
8Ball,8Ball,81647.0,0
Wham!,Wham!,792350790.0,0
DJ Snake,DJ Snake,2070055084.0,5
DallasK,DallasK,147320.0,0
Steff da Campo,Steff da Campo,2624568.0,0
Irama,Irama,250589686.0,0
Gigolo Y La Exce,Gigolo Y La Exce,3059953.0,1
A$AP Ferg,A$AP Ferg,225411345.0,1
Tom Walker,Tom Walker,115202798.0,0
Awich,Awich,8106895.0,0
Mark B.,Mark B.,1114401.0,0
Gemitaiz,Gemitaiz,71707576.0,0
HIRAIDAI,HIRAIDAI,156879520.0,0
Snoh Aalegra,Snoh Aalegra,2730360.0,0
Smokepurpp,Smokepurpp,17499844.0,0
Albin Myers,Albin Myers,1550010.0,0
KISS,KISS,505154.0,2
Reik,Reik,1015286007.0,5
Boro Boro,Boro Boro,50985714.0,0
AJ Mitchell,AJ Mitchell,2520085.0,1
Alejandro Sanz,Alejandro Sanz,10309492.0,0
Tainy,Tainy,3295572543.0,1
Zedd,Zedd,1963935558.0,4
Love Harder,Love Harder,275200.0,0
Foo Fighters,Foo Fighters,24255668.0,2
Ele A El Dominio,Ele A El Dominio,162564.0,0
Axwell /\ Ingrosso,Axwell /\ Ingrosso,611984586.0,1
Jeremy Zucker,Jeremy Zucker,205601972.0,1
G-Eazy,G-Eazy,941530141.0,3
Lalo Ebratt,Lalo Ebratt,224236713.0,1
Delaossa,Delaossa,48593379.0,0
Leyla Blue,Leyla Blue,2151185.0,0
OMI,OMI,314863.0,1
Icona Pop,Icona Pop,760602.0,0
Hooligan Hefs,Hooligan Hefs,19514347.0,0
Nelly Furtado,Nelly Furtado,71307405.0,0
Samurai Jay,Samurai Jay,9440255.0,0
Yotuel,Yotuel,39243713.0,0
Tobi,Tobi,7938492.0,0
GAMPER & DADONI,GAMPER & DADONI,4507628.0,0
Charlie Puth,Charlie Puth,2150863062.0,2
The Partysquad,The Partysquad,849960.0,0
Bryan Adams,Bryan Adams,56832547.0,0
Rubén Blades,Rubén Blades,11844.0,0
Cookin' On 3 Burners,Cookin' On 3 Burners,75824507.0,0
LANY,LANY,252833418.0,0
Rat City,Rat City,486077.0,0
Nayer,Nayer,1752939.0,0
Anirudh Ravichander,Anirudh Ravichander,329317355.0,0
Vargas & Lagola,Vargas & Lagola,37863732.0,0
Tribo da Periferia,Tribo da Periferia,4529519.0,0
IAmChino,IAmChino,117571094.0,0
Anonym,Anonym,16326491.0,0
Timmy Trumpet,Timmy Trumpet,3588412.0,0
Jonas Brothers,Jonas Brothers,1802067253.0,3
Corina Smith,Corina Smith,975668.0,0
DNCE,DNCE,97722900.0,1
Younha,Younha,53943.0,0
Big Baby Tape,Big Baby Tape,41119686.0,0
JayA Luuck,JayA Luuck,14773721.0,0
MC L da Vinte,MC L da Vinte,38914445.0,0
Finesse,Finesse,15496091.0,0
Bobby Shmurda,Bobby Shmurda,66698503.0,0
Play-N-Skillz,Play-N-Skillz,1118823.0,0
T-Pain,T-Pain,24477135.0,1
Gippy Grewal,Gippy Grewal,4510462.0,0
Billy Joel,Billy Joel,1396863.0,1
Bougenvilla,Bougenvilla,99963.0,0
TELYKast,TELYKast,1655349.0,0
Neha Kakkar,Neha Kakkar,220985246.0,0
Social House,Social House,245614393.0,1
Alex Rose,Alex Rose,442613068.0,1
Mark Morrison,Mark Morrison,58828549.0,0
The Chainsmokers,The Chainsmokers,5158751132.0,7
Cauty,Cauty,13502813.0,0
Riton,Riton,1122520989.0,1
Sech,Sech,6003053646.0,4
Loote,Loote,24597139.0,0
Lil Kleine,Lil Kleine,122365910.0,0
Seafret,Seafret,5798074.0,0
Lord Huron,Lord Huron,186267715.0,0
Nanpa Básico,Nanpa Básico,115570608.0,0
Sheck Wes,Sheck Wes,459932268.0,1
YG,YG,390999646.0,1
Metro Boomin,Metro Boomin,1256129044.0,0
MC Kevin o Chris,MC Kevin o Chris,174670857.0,1
Justin Mylo,Justin Mylo,4950269.0,0
Ella Fitzgerald,Ella Fitzgerald,37633363.0,0
NGC Daddy,NGC Daddy,2725426.0,0
Julie Bergan,Julie Bergan,3014099.0,0
David Gray,David Gray,50073.0,0
JC Stewart,JC Stewart,9357025.0,0
Masego,Masego,227241.0,1
Hindia,Hindia,83291938.0,0
Marracash,Marracash,368069809.0,2
KAYTRANADA,KAYTRANADA,462097.0,0
Wac Toja,Wac Toja,61585988.0,0
Jozels,Jozels,162593.0,0
Velvet,Velvet,280370.0,0
Chase Atlantic,Chase Atlantic,76715999.0,0
CA7RIEL,CA7RIEL,4468454.0,0
Noah,Noah,20181808.0,0
Young Igi,Young Igi,205024290.0,0
Tropkillaz,Tropkillaz,124134025.0,0
Chris Stapleton,Chris Stapleton,364607636.0,1
Ghali,Ghali,58907357.0,0
Blackstreet,Blackstreet,7370075.0,1
Gregory Porter,Gregory Porter,4597631.0,0
Justin Quiles,Justin Quiles,3251856282.0,2
SWIDT,SWIDT,1328311.0,0
Wyclef Jean,Wyclef Jean,7576318.0,0
Young Martino,Young Martino,3078291.0,0
Robbie Williams,Robbie Williams,1580311.0,0
Elias,Elias,4340252.0,0
CHVRCHES,CHVRCHES,274105542.0,0
Maikel Delacalle,Maikel Delacalle,868240.0,0
Darius Rucker,Darius Rucker,16003745.0,0
ABBA,ABBA,76029726.0,0
Filipe Ret,Filipe Ret,389885758.0,0
Clipse,Clipse,19916542.0,0
Matisse,Matisse,124788503.0,1
Stealers Wheel,Stealers Wheel,134912.0,0
Pentatonix,Pentatonix,58371035.0,0
Mau y Ricky,Mau y Ricky,709236971.0,5
Panic! At The Disco,Panic! At The Disco,1280025747.0,2
Alex Mattson,Alex Mattson,943459.0,0
Linkin Park,Linkin Park,261293627.0,2
Seedhe Maut,Seedhe Maut,775116.0,0
iiola,iiola,4933.0,0
David Guetta,David Guetta,3207247385.0,3
Laura Pausini,Laura Pausini,858486.0,0
Manuel Medrano,Manuel Medrano,8788103.0,0
Noriel,Noriel,131506675.0,2
DJ DYLVN,DJ DYLVN,166214.0,0
Sikander Kahlon,Sikander Kahlon,2579016.0,0
Jamie Foxx,Jamie Foxx,205802.0,0
Disclosure,Disclosure,696361213.0,0
ONE OK ROCK,ONE OK ROCK,55525467.0,0
RAYE,RAYE,945867898.0,0
Drakeo the Ruler,Drakeo the Ruler,2056094.0,0
2K,2K,13000587.0,0
Lily Allen,Lily Allen,2175469.0,0
Meghan Trainor,Meghan Trainor,134025051.0,1
Martin Jensen,Martin Jensen,338147211.0,0
J Hus,J Hus,9789630.0,1
The Kolors,The Kolors,31579269.0,0
Cheat Codes,Cheat Codes,968934671.0,0
The Game,The Game,48158783.0,0
Timati,Timati,2422411.0,0
Zac Efron,Zac Efron,315116953.0,1
Ava Max,Ava Max,2760119695.0,5
Boomdabash,Boomdabash,72911860.0,0
BoA,BoA,1011002.0,0
The Knocks,The Knocks,40545329.0,0
Baby Keem,Baby Keem,497519378.0,1
BADBADNOTGOOD,BADBADNOTGOOD,57844.0,0
Grey,Grey,1002398075.0,0
Jah Khalib,Jah Khalib,1555712.0,0
BLACHA,BLACHA,48059256.0,0
Pitbull,Pitbull,286919972.0,4
Omar,Omar,2916289.0,0
Enzo Dong,Enzo Dong,8974322.0,0
Anderson .Paak,Anderson .Paak,1984669203.0,0
BANNERS,BANNERS,188777766.0,0
Labrinth,Labrinth,1106512373.0,2
Nevada,Nevada,56500936.0,0
Fabolous,Fabolous,8376700.0,0
88rising,88rising,34907847.0,0
Selena Gomez,Selena Gomez,5087564358.0,8
Tovaritch,Tovaritch,4242667.0,0
Dwele,Dwele,48075798.0,0
Busta Rhymes,Busta Rhymes,424355.0,0
Noah Kahan,Noah Kahan,1583302.0,0
Quavo,Quavo,3896231849.0,0
John Newman,John Newman,24075335.0,0
Joe Arroyo,Joe Arroyo,736752.0,0
Elvis Presley,Elvis Presley,171056413.0,0
Vayu,Vayu,2393825.0,0
Juan Magán,Juan Magán,242098733.0,0
ChildsPlay,ChildsPlay,3850844.0,0
Will Smith,Will Smith,81500212.0,0
Undacava,Undacava,2840915.0,0
Andrelli,Andrelli,46223688.0,0
Felix Cartal,Felix Cartal,212253.0,0
Youngn Lipz,Youngn Lipz,1660004.0,0
Migos,Migos,2823586219.0,3
Yannc,Yannc,3211989.0,0
IC3PEAK,IC3PEAK,185459.0,0
Edward Sharpe & The Magnetic Zeros,Edward Sharpe & The Magnetic Zeros,85430.0,0
Matt Maeson,Matt Maeson,55648.0,0
Future Islands,Future Islands,295984.0,0
Vitya AK,Vitya AK,90119.0,0
AC/DC,AC/DC,31464936.0,5
Ella Henderson,Ella Henderson,193491764.0,0
Sia,Sia,2225080277.0,3
Noisettes,Noisettes,49443.0,0
Tate McRae,Tate McRae,1599421075.0,1
Szpaku,Szpaku,45009104.0,0
Bastille,Bastille,1361084860.0,0
Megaloh,Megaloh,383054.0,0
Kraantje Pappie,Kraantje Pappie,20122420.0,0
True Damage,True Damage,10662332.0,1
Sick Individuals,Sick Individuals,3555127.0,0
PVRIS,PVRIS,29986.0,0
Lewis Capaldi,Lewis Capaldi,4562051102.0,4
Big Boy,Big Boy,79113.0,0
Michael Schulte,Michael Schulte,11197707.0,0
Dadju,Dadju,105244433.0,0
Pabllo Vittar,Pabllo Vittar,188918736.0,2
Thundercat,Thundercat,14554984.0,0
TOMORROW X TOGETHER,TOMORROW X TOGETHER,78226436.0,0
Chris Rea,Chris Rea,312145196.0,0
Killer Mike,Killer Mike,3651458.0,0
Lorde,Lorde,418767776.0,1
Grace,Grace,1015320.0,0
Slipknot,Slipknot,5155594.0,2
Stormzy,Stormzy,391843094.0,2
State of Sound,State of Sound,9277402.0,0
Dani Fernández,Dani Fernández,40463593.0,0
Mambo Kingz,Mambo Kingz,1342817956.0,0
Calboy,Calboy,96794068.0,1
Papatinho,Papatinho,43851556.0,0
Captain Cuts,Captain Cuts,26699509.0,0
UCLÃ,UCLÃ,2177780.0,0
Soulja Boy,Soulja Boy,3617625.0,1
PLVTINUM,PLVTINUM,254155.0,0
Lil Xan,Lil Xan,174053727.0,1
Iggy Azalea,Iggy Azalea,3934056.0,0
Don Toliver,Don Toliver,1915671284.0,2
Rammstein,Rammstein,88251277.0,0
Christine and the Queens,Christine and the Queens,1980244.0,0
Wolfine,Wolfine,319996592.0,0
Timbaland,Timbaland,76869085.0,0
DJ Paul,DJ Paul,1082237.0,0
Camille,Camille,13756488.0,0
GFRIEND,GFRIEND,229651.0,0
Jassa Dhillon,Jassa Dhillon,14247229.0,0
Little Mix,Little Mix,972260010.0,4
Rex Orange County,Rex Orange County,59721053.0,4
Maiara & Maraisa,Maiara & Maraisa,979097971.0,0
Brent Faiyaz,Brent Faiyaz,129100138.0,0
Willie Colón,Willie Colón,341765.0,0
The Carters,The Carters,73965116.0,0
Da Silva,Da Silva,1881422.0,0
Vicente Garcia,Vicente Garcia,47373064.0,0
Martin Solveig,Martin Solveig,60905121.0,0
Kamikazee,Kamikazee,13553982.0,0
Mike Perry,Mike Perry,37831593.0,0
Akapellah,Akapellah,158262.0,0
Orange & Lemons,Orange & Lemons,7733541.0,0
Shiva,Shiva,160725107.0,1
Julian Perretta,Julian Perretta,7713843.0,0
Reykon,Reykon,2286795.0,0
Ellie Goulding,Ellie Goulding,898055321.0,4
Neil Diamond,Neil Diamond,5679813.0,0
LX,LX,56775854.0,0
The Neighbourhood,The Neighbourhood,2591659695.0,1
Tove Styrke,Tove Styrke,5458985.0,0
Rihanna,Rihanna,1402360929.0,5
Maren Morris,Maren Morris,856962176.0,1
Mac Miller,Mac Miller,425458170.0,4
Mr Eazi,Mr Eazi,23176648.0,0
Coolio,Coolio,322208432.0,1
Mura Masa,Mura Masa,25547803.0,0
Stromae,Stromae,140669312.0,0
Sydney Yungins,Sydney Yungins,3123492.0,0
WOS,WOS,109387036.0,1
Zion,Zion,591761628.0,0
Pop Smoke,Pop Smoke,3560354020.0,1
Vega,Vega,1911216.0,0
Boy In Space,Boy In Space,849695.0,0
Sky Rompiendo,Sky Rompiendo,190845476.0,0
Romeo Santos,Romeo Santos,921629728.0,1
Tungevaag,Tungevaag,20051466.0,0
Carnage,Carnage,4154936.0,0
Radiohead,Radiohead,4513.0,1
2 Chainz,2 Chainz,461560206.0,0
Milly,Milly,263430520.0,0
Amy Winehouse,Amy Winehouse,123959.0,0
Celeste,Celeste,908355.0,0
Duki,Duki,1677890811.0,1
Jennifer Lopez,Jennifer Lopez,24307104.0,0
The Goo Goo Dolls,The Goo Goo Dolls,133129405.0,1
Nipsey Hussle,Nipsey Hussle,33896799.0,1
H.E.R.,H.E.R.,173118664.0,3
HAIM,HAIM,39763555.0,0
James Cole,James Cole,45777.0,0
Ariana Grande,Ariana Grande,12405401601.0,14
Nafe Smallz,Nafe Smallz,1297299.0,0
Cage The Elephant,Cage The Elephant,90078808.0,0
Carrie Underwood,Carrie Underwood,21943055.0,0
Michael Patrick Kelly,Michael Patrick Kelly,10680620.0,0
Orochi,Orochi,104486820.0,0
Shooter Gang,Shooter Gang,5661393.0,0
MIKA,MIKA,712790.0,0
Netsky,Netsky,6339218.0,0
Sigala,Sigala,139151772.0,2
Celo & Abdi,Celo & Abdi,2019757.0,0
Dadá Boladão,Dadá Boladão,32701322.0,1
Ghostface Killah,Ghostface Killah,44532154.0,0
My Chemical Romance,My Chemical Romance,33744583.0,2
Ali Gatie,Ali Gatie,665199676.0,1
Danna Paola,Danna Paola,199510823.0,1
Beteo,Beteo,76546944.0,0
WE$T DUBAI,WE$T DUBAI,1286767.0,0
The 1975,The 1975,19676488.0,0
Paky,Paky,160493211.0,0
Kali Uchis,Kali Uchis,1359949266.0,0
Toddla T,Toddla T,808669.0,0
Jay Wheeler,Jay Wheeler,1187401387.0,0
Survivor,Survivor,39442.0,1
EARTHGANG,EARTHGANG,12180808.0,0
Maquiny,Maquiny,41093845.0,0
DrefQuila,DrefQuila,4495407.0,0
Salmo,Salmo,312057350.0,0
Fantasia,Fantasia,2323271.0,0
La Fuente,La Fuente,7542179.0,0
Achille Lauro,Achille Lauro,118559936.0,0
Lil Mosey,Lil Mosey,1201943526.0,0
FloFilz,FloFilz,20415.0,0
Little Big Town,Little Big Town,1590246.0,0
San Holo,San Holo,33804161.0,0
Cigarettes After Sex,Cigarettes After Sex,13164510.0,0
Anson Seabra,Anson Seabra,665570.0,0
Maroon 5,Maroon 5,4768165548.0,11
Kodak Black,Kodak Black,1982353194.0,1
Aaron Smith,Aaron Smith,113163745.0,1
Gloria Groove,Gloria Groove,204311092.0,0
Carlos Vives,Carlos Vives,375010925.0,1
El Profesor,El Profesor,289244.0,0
Hayden James,Hayden James,422135.0,0
Capo,Capo,53993060.0,0
MIST,MIST,5541199.0,0
Chito Miranda,Chito Miranda,192720.0,0
Pedro Capó,Pedro Capó,962472151.0,1
VASSY,VASSY,233695.0,0
Idina Menzel,Idina Menzel,76438700.0,1
Kendrick Lamar,Kendrick Lamar,5545941750.0,4
Daya,Daya,285128686.0,1
WILLOW,WILLOW,1050142730.0,1
WATEVA,WATEVA,5041.0,0
Nas,Nas,22226914.0,0
Mabel,Mabel,662428822.0,2
John Lennon,John Lennon,325165120.0,0
Stepz,Stepz,2800809.0,0
Mario Bautista,Mario Bautista,21284966.0,1
Alle Farben,Alle Farben,28035855.0,0
The Fray,The Fray,1102834.0,0
Miguel,Miguel,353912605.0,1
William Singe,William Singe,451460018.0,0
Antonio José,Antonio José,336338.0,0
Cults,Cults,112019231.0,0
A R I Z O N A,A R I Z O N A,47497706.0,0
Paul McCartney,Paul McCartney,307638483.0,0
Lil Nas X,Lil Nas X,9144252411.0,5
KC Rebell,KC Rebell,116586811.0,0
Jason Mraz,Jason Mraz,307204230.0,1
Aitana,Aitana,826376915.0,1
Ximena Sariñana,Ximena Sariñana,2694018.0,0
Olivia O'Brien,Olivia O'Brien,77960583.0,0
Metallica,Metallica,61236873.0,1
Rudimental,Rudimental,523412643.0,1
WEN,WEN,269278.0,0
Dardan,Dardan,160794716.0,1
Kabe,Kabe,53177476.0,0
Thutmose,Thutmose,11788787.0,0
Gavin James,Gavin James,57382302.0,0
Sleeping At Last,Sleeping At Last,2214871.0,0
James Bay,James Bay,44411156.0,0
SSIO,SSIO,12104064.0,0
Loredana,Loredana,152542992.0,1
DJ Nelson,DJ Nelson,754399642.0,0
Mora,Mora,1571667073.0,0
Francesca Michielin,Francesca Michielin,40834087.0,0
Japiaguar,Japiaguar,1276345.0,0
Kool G Rap & DJ Polo,Kool G Rap & DJ Polo,14145.0,0
Aitch,Aitch,80906362.0,0
Nina Nesbitt,Nina Nesbitt,166935.0,0
Mario,Mario,3276681.0,1
Manuel Carrasco,Manuel Carrasco,14522293.0,0
Dopebwoy,Dopebwoy,51319525.0,0
Patrice,Patrice,251175.0,0
Alan Walker,Alan Walker,1052762990.0,6
Dú Maroc,Dú Maroc,429277.0,0
Gesaffelstein,Gesaffelstein,303297295.0,0
N.E.R.D,N.E.R.D,49040700.0,0
Nicky Jam,Nicky Jam,4714673803.0,3
FAULHABER,FAULHABER,39621324.0,0
RAF Camora,RAF Camora,474258350.0,0
Raja Kumari,Raja Kumari,11267293.0,0
Zara Larsson,Zara Larsson,1124853076.0,3
De Jeugd Van Tegenwoordig,De Jeugd Van Tegenwoordig,18913681.0,0
NF,NF,614501603.0,2
PSY,PSY,96376295.0,0
Alvaro Rod,Alvaro Rod,278910.0,0
ROSALÍA,ROSALÍA,2913202715.0,2
Lynyrd Skynyrd,Lynyrd Skynyrd,15660376.0,1
Young Dolph,Young Dolph,4947937.0,0
Polo & Pan,Polo & Pan,18177201.0,0
MC Cabelinho,MC Cabelinho,261642991.0,0
Elettra Lamborghini,Elettra Lamborghini,45956313.0,0
Afrojack,Afrojack,98236716.0,0
MiyaGi & Endspiel,MiyaGi & Endspiel,4103741.0,0
MC Hariel,MC Hariel,204029592.0,0
Akon,Akon,9640297.0,0
Lil Tjay,Lil Tjay,1732901500.0,3
Sigrid,Sigrid,9104604.0,0
SAINt JHN,SAINt JHN,1594003942.0,1
Ant Saunders,Ant Saunders,111542926.0,1
Lele Pons,Lele Pons,369167168.0,0
Blu,Blu,1516985.0,0
Rod Wave,Rod Wave,182816520.0,0
Kukon,Kukon,55241201.0,0
Gym Class Heroes,Gym Class Heroes,251270737.0,1
Blueface,Blueface,285879191.0,1
Aaliyah,Aaliyah,1229587.0,0
Bakermat,Bakermat,2120723.0,1
Avril Lavigne,Avril Lavigne,31937402.0,1
The Jackson 5,The Jackson 5,184696493.0,0
Benny Jamz,Benny Jamz,52534932.0,0
Cartoon,Cartoon,781502.0,0
Era Istrefi,Era Istrefi,50292364.0,0
Niall Horan,Niall Horan,753101105.0,3
Tom Odell,Tom Odell,862829832.0,0
Capital Cities,Capital Cities,1623835.0,1
KEVVO,KEVVO,70162546.0,1
Olly James,Olly James,36337.0,0
Plan B,Plan B,57424648.0,0
Swizz Beatz,Swizz Beatz,37498108.0,0
Alessandra Amoroso,Alessandra Amoroso,36521457.0,0
MEDUZA,MEDUZA,1628661427.0,3
ALMA,ALMA,226549.0,0
Klangkarussell,Klangkarussell,2819469.0,0
Diamond la Mafia,Diamond la Mafia,15659.0,0
Juhn,Juhn,1341418626.0,0
Adolescent's Orquesta,Adolescent's Orquesta,49431874.0,0
Pietro Lombardi,Pietro Lombardi,19067563.0,0
Jayh,Jayh,3057024.0,0
Topic,Topic,1532917595.0,1
TroyBoi,TroyBoi,11767430.0,0
AronChupa,AronChupa,229330.0,0
Duckwrth,Duckwrth,10662332.0,0
KALIM,KALIM,68941774.0,0
Nego do Borel,Nego do Borel,296847428.0,0
TACONAFIDE,TACONAFIDE,2074497.0,0
Fouli,Fouli,8859495.0,0
Oh Wonder,Oh Wonder,223013002.0,0
All Time Low,All Time Low,17142419.0,0
Darkoo,Darkoo,270022226.0,1
Oscar and the Wolf,Oscar and the Wolf,365964.0,0
Theresa Rex,Theresa Rex,70325167.0,0
Mariah Carey,Mariah Carey,1168360042.0,1
The Marías,The Marías,201969500.0,0
Mandi Macias,Mandi Macias,6218.0,0
WC no Beat,WC no Beat,15188331.0,0
Kid Ink,Kid Ink,39599460.0,0
JAY-Z,JAY-Z,243449001.0,1
Smino,Smino,1487285.0,0
MACAN,MACAN,6829790.0,0
Cardenales De Nuevo León,Cardenales De Nuevo León,52123693.0,0
K CAMP,K CAMP,5103208.0,1
Dirty Heads,Dirty Heads,4787587.0,0
Maes,Maes,133442138.0,1
a-ha,a-ha,22805949.0,1
*NSYNC,*NSYNC,39047427.0,0
Megan Thee Stallion,Megan Thee Stallion,2950178285.0,2
Casper Magico,Casper Magico,759211704.0,0
Kylie Minogue,Kylie Minogue,106592323.0,0
Snakehips,Snakehips,111735595.0,0
Marc E. Bassy,Marc E. Bassy,51955729.0,0
Jey Blessing,Jey Blessing,845434.0,0
Brooks,Brooks,214840452.0,0
Mattafix,Mattafix,4713298.0,0
Achtabahn,Achtabahn,1172262.0,0
Riff Raff,Riff Raff,5053.0,0
Fallen Roses,Fallen Roses,39511966.0,0
TLC,TLC,1215414.0,1
Dudu,Dudu,41093845.0,0
Chief Keef,Chief Keef,66777522.0,0
Red Band,Red Band,2217777.0,0
Zack Knight,Zack Knight,3408045.0,0
PNL,PNL,168465443.0,0
Syleena Johnson,Syleena Johnson,17719386.0,0
John C,John C,13940195.0,1
Andrés Calamaro,Andrés Calamaro,34928284.0,0
Eddy Lover,Eddy Lover,6097725.0,0
Robyn,Robyn,132481.0,0
Maverick Sabre,Maverick Sabre,18110075.0,0
Aaryan Shah,Aaryan Shah,20520.0,0
Syd,Syd,6224412.0,0
Andrés Cepeda,Andrés Cepeda,94711.0,0
Darell,Darell,1929608350.0,2
Boney M.,Boney M.,399746486.0,0
FKA twigs,FKA twigs,35376532.0,0
MHD,MHD,46332149.0,0
Noizu,Noizu,18530359.0,0
Rich The Kid,Rich The Kid,421973130.0,2
Julieta Venegas,Julieta Venegas,922605531.0,0
R3HAB,R3HAB,131852969.0,1
CL,CL,1348327.0,0
Adele,Adele,3697087280.0,3
Lea Rue,Lea Rue,60924.0,0
Nivea,Nivea,4544978.0,0
Jutes,Jutes,462948.0,0
James TW,James TW,977185.0,1
Greg Ferreira,Greg Ferreira,3322496.0,0
Ella Mai,Ella Mai,120911307.0,0
Saib,Saib,20415.0,0
Rob $tone,Rob $tone,50604083.0,1
Daniel Adams-Ray,Daniel Adams-Ray,11467972.0,0
Regi,Regi,10205882.0,0
Jessie Reyez,Jessie Reyez,565259929.0,0
Anitta,Anitta,2000041016.0,2
Ardian Bujupi,Ardian Bujupi,10192286.0,0
Tory Lanez,Tory Lanez,835829096.0,0
Jake La Furia,Jake La Furia,59264575.0,0
Luciano,Luciano,550973971.0,0
Talisman,Talisman,519049.0,0
Juice WRLD,Juice WRLD,9296751611.0,9
Loco Escrito,Loco Escrito,48048.0,0
Gavin DeGraw,Gavin DeGraw,76587.0,0
Mike WiLL Made-It,Mike WiLL Made-It,57980699.0,0
Mr. Polska,Mr. Polska,37584108.0,0
La Santa Grifa,La Santa Grifa,63755429.0,0
Cazzu,Cazzu,583972089.0,1
Russ,Russ,28291811.0,2
5 Seconds of Summer,5 Seconds of Summer,1553601252.0,6
Kianush,Kianush,23840233.0,1
Ashe,Ashe,105681760.0,0
50 Cent,50 Cent,418890540.0,2
BENEE,BENEE,434446441.0,1
KAROL G,KAROL G,7120134910.0,3
Rafaga,Rafaga,5300751.0,0
Bonez MC,Bonez MC,517555454.0,0
Bomba Estéreo,Bomba Estéreo,700551743.0,0
K Koke,K Koke,203555.0,0
Lykke Li,Lykke Li,289439.0,0
Héctor Lavoe,Héctor Lavoe,323860.0,0
Eladio Carrion,Eladio Carrion,251827282.0,2
Dr Zeus,Dr Zeus,3858456.0,0
Oki,Oki,205493785.0,0
DDG,DDG,42844001.0,0
ITZY,ITZY,176487339.0,0
Florida Georgia Line,Florida Georgia Line,1209643673.0,0
FMK,FMK,193485956.0,0
The Beatnuts,The Beatnuts,2156557.0,0
ANNA,ANNA,44261206.0,0
Kelvin Jones,Kelvin Jones,6517442.0,0
Bedoes,Bedoes,220799848.0,0
Caverinha,Caverinha,25168397.0,0
Aloe Blacc,Aloe Blacc,357373179.0,0
Michel'le,Michel'le,19176.0,0
Os Barões Da Pisadinha,Os Barões Da Pisadinha,1025044370.0,0
Rivermaya,Rivermaya,11982119.0,0
Shade,Shade,22255765.0,0
Lenier,Lenier,46647.0,0
Lamin,Lamin,15844315.0,0
Nahuel Pennisi,Nahuel Pennisi,44632951.0,0
YNW Melly,YNW Melly,828614177.0,7
Skylar Grey,Skylar Grey,413493086.0,0
LAGOS,LAGOS,120319645.0,0
Gente De Zona,Gente De Zona,108420711.0,0
Rita Ora,Rita Ora,1545189290.0,0
Eix,Eix,74884003.0,0
M Huncho,M Huncho,6604185.0,0
Brooke,Brooke,76536.0,0
Guns N' Roses,Guns N' Roses,42915238.0,4
Quintino,Quintino,14324209.0,0
Aya Nakamura,Aya Nakamura,358679126.0,2
Ricardo Arjona,Ricardo Arjona,1370082.0,0
Britney Spears,Britney Spears,129122312.0,3
Trevor Daniel,Trevor Daniel,1064376562.0,1
Julien Doré,Julien Doré,4184393.0,0
Kim Petras,Kim Petras,5920799.0,0
Hemso,Hemso,1058917.0,0
Chucho Flash,Chucho Flash,2228011.0,0
Clairo,Clairo,356208472.0,0
ARASHI,ARASHI,12006333.0,0
Chris de Burgh,Chris de Burgh,2088507.0,0
AVA,AVA,1710654.0,0
Branco,Branco,89521631.0,0
Hp Boyz,Hp Boyz,1238026.0,0
Doja Cat,Doja Cat,10371941558.0,4
Natasha Bedingfield,Natasha Bedingfield,691373.0,1
Seinabo Sey,Seinabo Sey,471579.0,0
Frankie Goes To Hollywood,Frankie Goes To Hollywood,3012158.0,0
Sabrina Claudio,Sabrina Claudio,21387.0,0
Passenger,Passenger,156942104.0,0
Andy Grammer,Andy Grammer,47140536.0,0
KESI,KESI,88315542.0,0
Jon Bellion,Jon Bellion,204079754.0,0
John Legend,John Legend,991454646.0,1
Arin Ray,Arin Ray,59837.0,0
A$AP Rocky,A$AP Rocky,928788185.0,2
Charlie Charles,Charlie Charles,6947126.0,0
Gryffin,Gryffin,40868757.0,2
Selah Sue,Selah Sue,412155.0,0
Dermot Kennedy,Dermot Kennedy,688813095.0,1
Kevin Gates,Kevin Gates,68502381.0,0
Ski Mask The Slump God,Ski Mask The Slump God,131869344.0,2
Aminé,Aminé,173901454.0,2
Gazzelle,Gazzelle,108820637.0,0
Cesare Cremonini,Cesare Cremonini,22502076.0,0
Mike Williams,Mike Williams,493153.0,0
Mustard,Mustard,912508805.0,2
NGHTMRE,NGHTMRE,1678820.0,0
Kid Cudi,Kid Cudi,802122945.0,0
Artigeardit,Artigeardit,48805888.0,0
Alesso,Alesso,583836293.0,1
Clever,Clever,108228354.0,0
Fer Palacio,Fer Palacio,38642601.0,1
Robert Miles,Robert Miles,5419891.0,0
Domo Genesis,Domo Genesis,12362608.0,0
Beret,Beret,70091802.0,0
Neto Peña,Neto Peña,188414723.0,0
Kodaline,Kodaline,1752845.0,0
Milky Chance,Milky Chance,46737558.0,0
Bryan Mg,Bryan Mg,12981290.0,0
Diljit Dosanjh,Diljit Dosanjh,82445931.0,0
anders,anders,8621769.0,0
Michelle Williams,Michelle Williams,66314902.0,0
Dan + Shay,Dan + Shay,618028600.0,2
Esperanza Spalding,Esperanza Spalding,231629.0,0
Bruno Major,Bruno Major,44416798.0,0
Sash!,Sash!,36337.0,0
Nena,Nena,6702783.0,0
Peking Duk,Peking Duk,237365.0,0
Alicia Keys,Alicia Keys,66655918.0,3
Snow Patrol,Snow Patrol,13120341.0,1
MGMT,MGMT,95755543.0,2
Alexander 23,Alexander 23,24846114.0,0
Guayacán Orquesta,Guayacán Orquesta,210743.0,0
Sage The Gemini,Sage The Gemini,116189090.0,0
Piso 21,Piso 21,1256396267.0,3
Freestyle,Freestyle,1017627.0,0
Nil Moliner,Nil Moliner,71660990.0,0
Stunna 4 Vegas,Stunna 4 Vegas,57980699.0,1
MamboLosco,MamboLosco,84969516.0,0
George Michael,George Michael,25454181.0,2
Sonder,Sonder,39650.0,0
Ayo & Teo,Ayo & Teo,94394734.0,0
Shawn Mendes,Shawn Mendes,5848372355.0,8
Loud Luxury,Loud Luxury,519105346.0,1
Eliades Ochoa,Eliades Ochoa,4155157.0,0
Melendi,Melendi,39489740.0,0
Malo,Malo,7365758.0,0
Bill Withers,Bill Withers,3199084.0,1
FBC,FBC,5263039.0,0
Young Thug,Young Thug,5031030695.0,7
Daughter,Daughter,87042.0,0
Chino & Nacho,Chino & Nacho,48456459.0,0
Chivv,Chivv,39834384.0,0
ICEKIID,ICEKIID,35860974.0,0
RedOne,RedOne,1062118.0,0
Louis The Child,Louis The Child,34962122.0,0
Lost Frequencies,Lost Frequencies,1029393096.0,0
Banx & Ranx,Banx & Ranx,51800699.0,0
#TocoParaVos,#TocoParaVos,4447121.0,0
Fernando & Sorocaba,Fernando & Sorocaba,202018461.0,0
Logic,Logic,1382553227.0,2
Taylor Swift,Taylor Swift,6653550141.0,5
Saul,Saul,1430839.0,0
D.O.D,D.O.D,14393251.0,0
Beach Bunny,Beach Bunny,112119079.0,0
Måns Zelmerlöw,Måns Zelmerlöw,211128.0,0
Famous Dex,Famous Dex,327407285.0,1
Fred De Palma,Fred De Palma,116795947.0,0
Lifehouse,Lifehouse,7663336.0,0
Jubël,Jubël,11709216.0,0
Summer Cem,Summer Cem,83732297.0,0
Don McLean,Don McLean,573403.0,0
Headie One,Headie One,100711888.0,0
Jay Critch,Jay Critch,25280.0,0
Iyanya,Iyanya,76065.0,0
Sebastian Yatra,Sebastian Yatra,3200998550.0,3
blackbear,blackbear,1636105373.0,2
Tom Petty,Tom Petty,5292179.0,1
HBz,HBz,62202026.0,0
Yiyo Sarante,Yiyo Sarante,7107416.0,0
Carly Rae Jepsen,Carly Rae Jepsen,714049.0,1
DubVision,DubVision,4698141.0,0
Matuê,Matuê,631255279.0,1
Gwen Stefani,Gwen Stefani,62981462.0,0
Keith Urban,Keith Urban,31554300.0,0
Takagi & Ketra,Takagi & Ketra,67197295.0,0
Beach House,Beach House,161009378.0,0
Manuel Turizo,Manuel Turizo,2677379219.0,2
Chencho Corleone,Chencho Corleone,2712836865.0,0
Diego & Victor Hugo,Diego & Victor Hugo,430033083.0,1
Hank von Hell,Hank von Hell,154354.0,0
Tom Petty and the Heartbreakers,Tom Petty and the Heartbreakers,253543.0,0
Imagine Dragons,Imagine Dragons,6823350726.0,5
Skepta,Skepta,346997703.0,0
Aretha Franklin,Aretha Franklin,4027932.0,0
Tears For Fears,Tears For Fears,74850550.0,1
Omega,Omega,1073835.0,0
Papa Roach,Papa Roach,2274487.0,1
Estelle,Estelle,2571977.0,0
León Larregui,León Larregui,119241543.0,0
SHY Martin,SHY Martin,37831593.0,0
Miyo,Miyo,6883834.0,0
Residente,Residente,134257663.0,1
Eurythmics,Eurythmics,1333739.0,1
Madison Beer,Madison Beer,338512509.0,2
Hanybal,Hanybal,465103.0,0
Lourena,Lourena,122969249.0,0
03 Greedo,03 Greedo,473632.0,0
Nick Strand,Nick Strand,171527.0,0
Jamule,Jamule,288053044.0,1
Fleet Foxes,Fleet Foxes,13231090.0,0
Zendaya,Zendaya,530088032.0,0
Michael Bublé,Michael Bublé,1152844283.0,0
Bruce Springsteen,Bruce Springsteen,87839447.0,2
Th' Dudes,Th' Dudes,49029.0,0
Ina Wroldsen,Ina Wroldsen,119145521.0,0
Brothers,Brothers,6473464.0,0
Kelvyn Colt,Kelvyn Colt,2779574.0,0
"Secreto ""El Famoso Biberon""","Secreto ""El Famoso Biberon""",1664224.0,0
Prem Dhillon,Prem Dhillon,15358611.0,0
Iggy Pop,Iggy Pop,268082.0,0
Jassie Gill,Jassie Gill,1698516.0,0
Bebe Rexha,Bebe Rexha,2253994411.0,3
Major Lazer,Major Lazer,1066103085.0,4
Sohail Sen,Sohail Sen,287876.0,0
Natalie Perez,Natalie Perez,22517857.0,0
Kesha,Kesha,223451721.0,1
Sa4,Sa4,60846537.0,0
Matt Simons,Matt Simons,6408468.0,0
Mãolee,Mãolee,13126077.0,0
Lucho SSJ,Lucho SSJ,602900.0,0
Lazza,Lazza,201328961.0,0
Boslen,Boslen,349080.0,0
PARTYNEXTDOOR,PARTYNEXTDOOR,508791219.0,1
Louis Tomlinson,Louis Tomlinson,488756706.0,1
Lucio101,Lucio101,33714680.0,0
Becky Hill,Becky Hill,820568016.0,0
A Touch Of Class,A Touch Of Class,106018262.0,0
Descemer Bueno,Descemer Bueno,297330742.0,0
Hopsin,Hopsin,12173453.0,0
iKON,iKON,1848343.0,0
Trap Capos,Trap Capos,18406112.0,0
Cedric Gervais,Cedric Gervais,5697984.0,0
Daniel Caesar,Daniel Caesar,2276420267.0,3
Morat,Morat,216540458.0,2
Marshmello,Marshmello,5600201139.0,6
Diplo,Diplo,1249033743.0,2
Fleurie,Fleurie,118125.0,0
Guaynaa,Guaynaa,747703180.0,2
Prince Royce,Prince Royce,494614459.0,1
Blue Öyster Cult,Blue Öyster Cult,212241.0,1
NOTD,NOTD,142561810.0,1
Benji & Fede,Benji & Fede,5176040.0,0
24kGoldn,24kGoldn,2224274372.0,2
Joyner Lucas,Joyner Lucas,371175888.0,3
Santa RM,Santa RM,6716445.0,0
Lupe Fiasco,Lupe Fiasco,4020862.0,0
TAEMIN,TAEMIN,268319.0,0
Christopher,Christopher,7498788.0,0
Seeb,Seeb,344861914.0,0
Lérica,Lérica,27742970.0,0
IZA,IZA,22007105.0,0
Lady Gaga,Lady Gaga,3386149367.0,4
XXXTENTACION,XXXTENTACION,8304292498.0,7
BROCKHAMPTON,BROCKHAMPTON,157143406.0,1
Lucky Luke,Lucky Luke,5807765.0,0
MYA,MYA,188726426.0,0
Madcon,Madcon,3920852.0,0
Kaskade,Kaskade,21341.0,0
Bushido,Bushido,29768117.0,0
Shindy,Shindy,67845220.0,0
D-Hack,D-Hack,1533055.0,0
Neo Pistea,Neo Pistea,8075936.0,0
Paolo Nutini,Paolo Nutini,773727.0,0
Mesita,Mesita,65182313.0,0
David Bisbal,David Bisbal,37500222.0,0
Ronnie Flex,Ronnie Flex,140542728.0,0
CMC$,CMC$,34951697.0,0
Elissa,Elissa,1368702.0,0
Myd,Myd,25904870.0,0
bülow,bülow,20012659.0,0
Marian Hill,Marian Hill,39920065.0,0
girl in red,girl in red,50581873.0,0
Fitz and The Tantrums,Fitz and The Tantrums,6174930.0,0
Balti,Balti,3493893.0,0
Paloma Mami,Paloma Mami,124881166.0,1
Ruben,Ruben,12770208.0,0
Sam Tinnesz,Sam Tinnesz,412311.0,0
Queen,Queen,3064731663.0,8
RIN,RIN,73813932.0,1
Fuse ODG,Fuse ODG,55063944.0,0
Pusher,Pusher,21323499.0,0
JP Cooper,JP Cooper,282474558.0,0
Dotan,Dotan,1694618.0,0
Måneskin,Måneskin,3560759086.0,0
Pink Floyd,Pink Floyd,34069.0,2
Arizona Zervas,Arizona Zervas,1063473189.0,2
Lagum,Lagum,11291176.0,0
TOTO,TOTO,315804600.0,2
Kris Kross Amsterdam,Kris Kross Amsterdam,233125950.0,0
Ketama126,Ketama126,25393139.0,0
Elderbrook,Elderbrook,39404.0,0
ZAYN,ZAYN,1786056218.0,3
Gordon,Gordon,92952.0,0
Donny Hathaway,Donny Hathaway,28010361.0,1
Fleetwood Mac,Fleetwood Mac,780765217.0,3
Juan Luis Guerra 4.40,Juan Luis Guerra 4.40,15049.0,0
LÉON,LÉON,555394.0,0
KM,KM,10522236.0,0
Carmon,Carmon,9612802.0,0
Paulo Londra,Paulo Londra,1865745598.0,3
Vegas Jones,Vegas Jones,5876758.0,0
Luke Bryan,Luke Bryan,101526039.0,0
Omarion,Omarion,31328.0,0
PUBLIC,PUBLIC,74839305.0,1
Khalid,Khalid,10111058383.0,12
Maggie Lindemann,Maggie Lindemann,354403228.0,1
Pablo Alborán,Pablo Alborán,233349224.0,1
GATTÜSO,GATTÜSO,275200.0,0
Denise Rosenthal,Denise Rosenthal,1797282.0,0
J-AX,J-AX,38142237.0,0
Almighty,Almighty,173529269.0,0
Rauw Alejandro,Rauw Alejandro,9608940176.0,4
Fruko Y Sus Tesos,Fruko Y Sus Tesos,94169.0,0
Jhené Aiko,Jhené Aiko,114423020.0,1
P!nk,P!nk,693560305.0,4
Amr Diab,Amr Diab,5275536.0,0
Dj Gabriel do Borel,Dj Gabriel do Borel,164270304.0,0
Burak Yeter,Burak Yeter,166341731.0,0
Monsta X,Monsta X,106148.0,0
Jay Menez,Jay Menez,245839.0,0
Wisin,Wisin,3266131977.0,1
Fler,Fler,3363759.0,0
Bugzy Malone,Bugzy Malone,274846299.0,0
Kate Bush,Kate Bush,626959573.0,0
will.i.am,will.i.am,1854074.0,0
Lil Yachty,Lil Yachty,630370619.0,0
IDK,IDK,956341.0,0
Skrillex,Skrillex,587862578.0,0
RH,RH,28296497.0,0
WILL K,WILL K,21341.0,0
Jebroer,Jebroer,1090602.0,0
Demi Lovato,Demi Lovato,2404917698.0,1
TAEYEON,TAEYEON,24853978.0,0
Wiz Khalifa,Wiz Khalifa,452897972.0,2
Young Multi,Young Multi,4560341.0,0
Shakira,Shakira,1736529304.0,4
Mc Don Juan,Mc Don Juan,676241131.0,0
Chillinit,Chillinit,556278.0,0
Miley Cyrus,Miley Cyrus,1740464327.0,6
Jesse & Joy,Jesse & Joy,121585029.0,1
ILIRA,ILIRA,32161206.0,0
LUM!X,LUM!X,280665503.0,1
X Ambassadors,X Ambassadors,184149229.0,1
Moon Taxi,Moon Taxi,39474323.0,0
Steve Perry,Steve Perry,2308131.0,0
Otis Redding,Otis Redding,3026361.0,0
Kidd Keo,Kidd Keo,44022068.0,0
Nestor En Bloque,Nestor En Bloque,16543383.0,0
HUGEL,HUGEL,420615.0,0
Annalisa,Annalisa,58667474.0,0
Duffy,Duffy,11739156.0,0
Chardy,Chardy,46411.0,0
Lil Peep,Lil Peep,545381862.0,4
Medina,Medina,17372913.0,0
John Mayer,John Mayer,216077670.0,2
Emilio,Emilio,14716258.0,0
Jerry Rivera,Jerry Rivera,3436468.0,0
Sarius,Sarius,6751503.0,0
iZaak,iZaak,1189340.0,0
DIVINE,DIVINE,36453051.0,0
Andrew Gold,Andrew Gold,2080847.0,0
Dayglow,Dayglow,403323.0,0
VINAI,VINAI,43796785.0,0
VIZE,VIZE,188104793.0,0
The Magician,The Magician,289439.0,0
Craig David,Craig David,8014910.0,0
Sabrina Carpenter,Sabrina Carpenter,329481245.0,1
Luude,Luude,206651455.0,0
Ceaese,Ceaese,8308897.0,0
Los 4,Los 4,2885657.0,0
MiyaGi,MiyaGi,3757679.0,0
Toploader,Toploader,36183281.0,0
Olszakumpel,Olszakumpel,4489233.0,0
Only The Family,Only The Family,1463144.0,0
Ab-Soul,Ab-Soul,9064157.0,0
Cold Chisel,Cold Chisel,21050720.0,0
Rod Stewart,Rod Stewart,1939940.0,0
Trobi,Trobi,66849414.0,0
Frank Ocean,Frank Ocean,741032800.0,6
Yuna,Yuna,401742.0,0
ROZES,ROZES,20036413.0,0
Neo Beats,Neo Beats,614716657.0,0
JID,JID,1490430522.0,0
EVERGLOW,EVERGLOW,396728.0,0
Lee Brice,Lee Brice,7483639.0,0
Tessa,Tessa,24081386.0,0
Elisa,Elisa,33973337.0,0
Dj Guuga,Dj Guuga,254450241.0,1
The Drums,The Drums,7395.0,0
Yash Narvekar,Yash Narvekar,3137129.0,0
AJÉ,AJÉ,495535.0,0
Mc Davi,Mc Davi,385265922.0,0
Ashley O,Ashley O,46406241.0,0
Duke & Jones,Duke & Jones,3906819.0,0
Nicky Romero,Nicky Romero,4661739.0,0
Peg Parnevik,Peg Parnevik,345956.0,0
Macklemore & Ryan Lewis,Macklemore & Ryan Lewis,316079755.0,1
Brandy,Brandy,111469.0,0
Simi,Simi,685208.0,0
Esko,Esko,11004787.0,0
Missy Elliott,Missy Elliott,11710341.0,0
Chelsea Cutler,Chelsea Cutler,71493812.0,0
Zeamsone,Zeamsone,4093434.0,0
Daddy Yankee,Daddy Yankee,8045073065.0,6
Frankie Ruiz,Frankie Ruiz,7830277.0,0
HONNE,HONNE,28758147.0,0
Enrique Iglesias,Enrique Iglesias,515854601.0,0
Azzy,Azzy,114800204.0,0
Oasis,Oasis,521992311.0,1
Sean Paul,Sean Paul,1191440189.0,2
Tommy Boysen,Tommy Boysen,1509133.0,0
Lil Baby,Lil Baby,4547070044.0,5
Jeff Bernat,Jeff Bernat,1216572.0,0
Rompasso,Rompasso,1278905.0,0
The Clash,The Clash,921974.0,1
The Rudeboyz,The Rudeboyz,31619109.0,0
Angel Y Khriz,Angel Y Khriz,2488630.0,0
Bryson Tiller,Bryson Tiller,568859724.0,2
Sampa the Great,Sampa the Great,8558.0,0
Blanco Brown,Blanco Brown,109244732.0,0
Jaz Dhami,Jaz Dhami,1929727.0,0
Tinlicker,Tinlicker,88126643.0,0
Greeicy,Greeicy,28552819.0,0
Brytiago,Brytiago,498622882.0,1
Jasmine Sandlas,Jasmine Sandlas,28404498.0,0
SUNMI,SUNMI,3423853.0,0
Nico & Vinz,Nico & Vinz,487459.0,0
Pandrezz,Pandrezz,542790.0,0
Christina Aguilera,Christina Aguilera,4246942.0,0
Dimitri Vegas & Like Mike,Dimitri Vegas & Like Mike,136167590.0,1
Grouplove,Grouplove,62530874.0,1
Alkilados,Alkilados,71978.0,0
Marcos & Belutti,Marcos & Belutti,77990605.0,0
MAX,MAX,79283304.0,1
WIU,WIU,115333115.0,0
Cashmere Cat,Cashmere Cat,119671396.0,0
GZA,GZA,4285515.0,0
Mr. Capone-E,Mr. Capone-E,1999026.0,0
Hungria Hip Hop,Hungria Hip Hop,76624420.0,0
Gusttavo Lima,Gusttavo Lima,1162667445.0,3
Ulises Bueno,Ulises Bueno,4359973.0,0
Pink Sweat$,Pink Sweat$,400848368.0,0
Randy,Randy,77276772.0,0
C. Tangana,C. Tangana,734396709.0,1
Celina Sharma,Celina Sharma,23900109.0,0
Rombai,Rombai,13693258.0,0
Don Diablo,Don Diablo,104460.0,0
Juju,Juju,147197914.0,0
Kali,Kali,13692140.0,0
Lous and The Yakuza,Lous and The Yakuza,8422209.0,0
Cynthia Luz,Cynthia Luz,73706359.0,0
DVBBS,DVBBS,36807995.0,0
FINNEAS,FINNEAS,639180.0,1
NLE Choppa,NLE Choppa,435525443.0,5
The Vamps,The Vamps,202479302.0,0
Ruth B.,Ruth B.,714336335.0,1
Lucky Daye,Lucky Daye,5655981.0,0
Omy de Oro,Omy de Oro,2934606.0,0
Iron Maiden,Iron Maiden,704928.0,0
Kempi,Kempi,4042209.0,0
GuiltyBeatz,GuiltyBeatz,132157.0,0
Kensington,Kensington,8158039.0,0
Vince Staples,Vince Staples,25319133.0,0
Julia Michaels,Julia Michaels,1747031587.0,1
Jason Derulo,Jason Derulo,2946165043.0,2
Joey Montana,Joey Montana,174874178.0,0
badmómzjay,badmómzjay,154320966.0,0
ALAWIE,ALAWIE,693265.0,0
Hikaru Utada,Hikaru Utada,55268986.0,0
Fetty Wap,Fetty Wap,131729314.0,1
Alvaro Soler,Alvaro Soler,210281584.0,0
NCT 127,NCT 127,21427148.0,0
Gurnam Bhullar,Gurnam Bhullar,1579420.0,0
Zoé,Zoé,2418113.0,0
Zion & Lennox,Zion & Lennox,2104493182.0,1
Sami,Sami,180724.0,0
KXNG Crooked,KXNG Crooked,7115414.0,0
Lasso,Lasso,34162556.0,0
James Arthur,James Arthur,2426343491.0,6
Mumford & Sons,Mumford & Sons,5586362.0,0
Jax Jones,Jax Jones,1021379661.0,1
Sachin-Jigar,Sachin-Jigar,159308729.0,0
Poke,Poke,1273445.0,0
beabadoobee,beabadoobee,1089791819.0,0
Lauv,Lauv,2238051064.0,8
The Temper Trap,The Temper Trap,49131.0,0
Equalz,Equalz,817618.0,0
Ramz,Ramz,72135571.0,0
Akim,Akim,4151963.0,0
ZK,ZK,3343716.0,0
Joyce Santana,Joyce Santana,3078291.0,0
Dante Klein,Dante Klein,14975243.0,0
boy pablo,boy pablo,11300755.0,0
Elton John,Elton John,2264298802.0,2
TINI,TINI,1237129852.0,2
Cash Cash,Cash Cash,38678986.0,0
Ari Lennox,Ari Lennox,2791498.0,0
Abel Pintos,Abel Pintos,7019026.0,0
Tarro,Tarro,254155.0,0
Inner Circle,Inner Circle,27647.0,0
Denzel Curry,Denzel Curry,512492.0,0
Karan Aujla,Karan Aujla,76513198.0,0
Jon Z,Jon Z,216482311.0,0
Otsochodzi,Otsochodzi,119317552.0,0
CNCO,CNCO,618267105.0,1
Konshens,Konshens,51728.0,0
Damso,Damso,377054510.0,0
Tyla Yaweh,Tyla Yaweh,29388370.0,1
Juanes,Juanes,17789488.0,2
Polimá Westcoast,Polimá Westcoast,442922844.0,0
JIGGO,JIGGO,1322499.0,0
The Jam,The Jam,1139644.0,0
Ice Cube,Ice Cube,37978612.0,0
Emiway Bantai,Emiway Bantai,10975424.0,0
Sak Noel,Sak Noel,863536.0,0
Tame Impala,Tame Impala,398541071.0,4
Emicida,Emicida,7828895.0,0
Conor Maynard,Conor Maynard,153282045.0,0
AJ Tracey,AJ Tracey,130824346.0,1
"Royce Da 5'9""","Royce Da 5'9""",94423182.0,0
Nacho,Nacho,382611827.0,0
LIZOT,LIZOT,5535324.0,0
KYLE,KYLE,535146678.0,0
Egzod,Egzod,253067.0,0
Yellow Claw,Yellow Claw,272787.0,0
Manu Chao,Manu Chao,1230472.0,0
Tymek,Tymek,54419191.0,0
Kalash,Kalash,35038999.0,0
Belly,Belly,23209381.0,0
Buscabulla,Buscabulla,237769668.0,0
Fard,Fard,2403136.0,0
ScHoolboy Q,ScHoolboy Q,132939607.0,0
Zacari,Zacari,388384247.0,0
Kungs,Kungs,283338782.0,1
NIKI,NIKI,287133514.0,0
The First Station,The First Station,220512.0,0
Ansel Elgort,Ansel Elgort,3726948.0,0
Andrea Bocelli,Andrea Bocelli,4220954.0,0
French Montana,French Montana,1403096539.0,5
Yxng Le,Yxng Le,5145811.0,0
Izi,Izi,27893196.0,0
Jaymes Young,Jaymes Young,739752244.0,0
Architrackz,Architrackz,1847117.0,0
Nio Garcia,Nio Garcia,2670664723.0,2
Bazzi,Bazzi,1241238664.0,2
Midel,Midel,3761165.0,0
AJR,AJR,292391494.0,0
MR.BLACK,MR.BLACK,309500.0,0
Olexesh,Olexesh,22161668.0,0
Christina Perri,Christina Perri,25392115.0,1
Boris Way,Boris Way,351280.0,0
THE BOYZ,THE BOYZ,117346.0,0
The Police,The Police,361796890.0,2
Nelly,Nelly,62197830.0,1
Mastermind,Mastermind,197244.0,0
Gerry Rafferty,Gerry Rafferty,3405376.0,0
Bantu,Bantu,33350812.0,0
Capo Plaza,Capo Plaza,242786735.0,0
Kehlani,Kehlani,590490960.0,0
schafter,schafter,6958960.0,0
Smolasty,Smolasty,79326353.0,0
Summer Walker,Summer Walker,149659537.0,4
El Alfa,El Alfa,720242242.0,1
Olivia Holt,Olivia Holt,78421862.0,0
BONES UK,BONES UK,13020.0,0
Polo G,Polo G,3213040039.0,2
Kelly Clarkson,Kelly Clarkson,366848849.0,0
Joel Corry,Joel Corry,1841510238.0,1
Afrodisiaco,Afrodisiaco,864990.0,0
Oliver Heldens,Oliver Heldens,53290384.0,0
Ryan Riback,Ryan Riback,378596557.0,0
benny blanco,benny blanco,1724447967.0,4
Burna Boy,Burna Boy,332816410.0,0
Avine Vinny,Avine Vinny,224249951.0,0
Rels B,Rels B,243274985.0,0
Valerie Broussard,Valerie Broussard,26692731.0,0
Mahmut Orhan,Mahmut Orhan,162691.0,0
Matt Terry,Matt Terry,11382364.0,0
YBN Nahmir,YBN Nahmir,128403774.0,0
MARINA,MARINA,62729139.0,0
Justin Jesso,Justin Jesso,264971821.0,0
6LACK,6LACK,895323889.0,1
Bon Iver,Bon Iver,134689484.0,0
Tina Turner,Tina Turner,43827549.0,0
Joey Bada$$,Joey Bada$$,20168324.0,0
Orkestrated,Orkestrated,93171.0,0
Sting,Sting,187659.0,0
Baani Sandhu,Baani Sandhu,2141103.0,0
Qry,Qry,23065446.0,0
Nause,Nause,14080153.0,0
The White Stripes,The White Stripes,7599432.0,1
Waka Flocka Flame,Waka Flocka Flame,1572153.0,0
Krept & Konan,Krept & Konan,1104554.0,0
Rvssian,Rvssian,649585989.0,1
MAGIC!,MAGIC!,324636.0,1
Bounce Inc.,Bounce Inc.,14428.0,0
Yung Felix,Yung Felix,10693780.0,0
TWICE,TWICE,492214207.0,0
Donna Summer,Donna Summer,4935420.0,0
Winne,Winne,195117.0,0
Kay One,Kay One,1100079.0,0
Kiana Ledé,Kiana Ledé,2148837.0,0
Young Ellens,Young Ellens,2055711.0,0
Tiziano Ferro,Tiziano Ferro,546014.0,0
J Alvarez,J Alvarez,7667618.0,0
Marcus & Martinus,Marcus & Martinus,4861102.0,0
Lyanno,Lyanno,344169606.0,0
DJ Luian,DJ Luian,1342817956.0,2
Harry Styles,Harry Styles,9124389514.0,6
Dillom,Dillom,25818367.0,0
Glass Animals,Glass Animals,3185342424.0,0
Gorillaz,Gorillaz,40867696.0,2
ChiChi Peralta,ChiChi Peralta,30247348.0,0
Sufjan Stevens,Sufjan Stevens,61742.0,0
Sound Of Legend,Sound Of Legend,7263344.0,0
Silk City,Silk City,223732001.0,1
Alaina Castillo,Alaina Castillo,21118.0,0
GASHI,GASHI,4892115.0,0
Starley,Starley,378596557.0,0
JURI,JURI,500704.0,0
Travis Barker,Travis Barker,270075113.0,0
Lil Wayne,Lil Wayne,2075799682.0,1
Jay Rock,Jay Rock,355765073.0,0
RY X,RY X,18703.0,0
Etta James,Etta James,1827881.0,0
Bob Marley & The Wailers,Bob Marley & The Wailers,1417561.0,0
Elodie,Elodie,93721996.0,0
iann dior,iann dior,1963684790.0,2
Mahmood,Mahmood,219744859.0,1
Ginuwine,Ginuwine,17601.0,0
Bryant Myers,Bryant Myers,313377844.0,1
Andy Rivera,Andy Rivera,44565531.0,0
Majed Al Esa,Majed Al Esa,176212.0,0
Lukas Graham,Lukas Graham,364595548.0,1
David Bowie,David Bowie,247674263.0,1
Martin Garrix,Martin Garrix,2056803809.0,8
K-391,K-391,1763726.0,1
Train,Train,33818655.0,2
Giveon,Giveon,3380858792.0,0
Thomas Gold,Thomas Gold,6043095.0,0
Valley,Valley,100662.0,0
Moonkey,Moonkey,1286767.0,0
T.I.,T.I.,6754873.0,0
Run–D.M.C.,Run–D.M.C.,324993.0,0
Mc Th,Mc Th,27049250.0,0
Jordan Fisher,Jordan Fisher,36831468.0,0
Clean Bandit,Clean Bandit,2045536088.0,3
Dennis Lloyd,Dennis Lloyd,435749820.0,1
Far East Movement,Far East Movement,422375.0,0
DAVI,DAVI,488152.0,0
I$WAAL,I$WAAL,952504.0,0
Red Hot Chili Peppers,Red Hot Chili Peppers,19219703.0,7
SHAUN,SHAUN,4186513.0,1
Glades,Glades,262056.0,0
El Guincho,El Guincho,452986184.0,0
BEAM,BEAM,22672072.0,0
Bhavi,Bhavi,15420009.0,0
Cami,Cami,1650646.0,0
Chystemc,Chystemc,1042223.0,0
Lidia Buble,Lidia Buble,95521.0,0
La Sonora Dinamita,La Sonora Dinamita,161416.0,0
Nate Dogg,Nate Dogg,336997476.0,0
Yoss Bones,Yoss Bones,121596517.0,0
The Beach Boys,The Beach Boys,55620399.0,0
Dayvi,Dayvi,65783870.0,1
Tierra Whack,Tierra Whack,4601709.0,0
MC JottaPê,MC JottaPê,11524164.0,0
Brittany Howard,Brittany Howard,1570999.0,0
andrei,andrei,1084271.0,0
Nick Jonas,Nick Jonas,17712687.0,0
Roddy Ricch,Roddy Ricch,4292997182.0,7
Philip,Philip,7287725.0,0
Dilpreet Dhillon,Dilpreet Dhillon,8229105.0,0
Katy Perry,Katy Perry,1494321888.0,4
Soda Stereo,Soda Stereo,29621270.0,0
BOBBY,BOBBY,176683.0,0
Tove Lo,Tove Lo,75789278.0,0
Project Pat,Project Pat,619159117.0,0
M.I.A.,M.I.A.,55620238.0,0
Vera Blue,Vera Blue,1750072.0,0
SKAAR,SKAAR,655080.0,0
Gunna,Gunna,3477866058.0,0
Ozzy Osbourne,Ozzy Osbourne,205328388.0,1
Dire Straits,Dire Straits,12017649.0,1
Kardinal Offishall,Kardinal Offishall,2348384.0,0
Mac DeMarco,Mac DeMarco,8180707.0,0
Eros Ramazzotti,Eros Ramazzotti,363543.0,0
DEAN,DEAN,1453569.0,0
Scooter,Scooter,1367392.0,0
Fat Joe,Fat Joe,3724467.0,0
Fredo,Fredo,45049110.0,1
Raekwon,Raekwon,5538611.0,0
Mc Pedrinho,Mc Pedrinho,470222488.0,0
Bring Me The Horizon,Bring Me The Horizon,73580282.0,0
Tee Grizzley,Tee Grizzley,4067764.0,0
Parokya Ni Edgar,Parokya Ni Edgar,38366815.0,0
MKTO,MKTO,128127645.0,1
Pezet,Pezet,14085562.0,0
The Mamas,The Mamas,4522508.0,0
ONEFOUR,ONEFOUR,2209867.0,0
Tujamo,Tujamo,398679.0,0
Mayonnaise,Mayonnaise,2372591.0,0
Chance the Rapper,Chance the Rapper,1951390209.0,0
City Girls,City Girls,20564713.0,1
WizKid,WizKid,927565564.0,0
Mary J. Blige,Mary J. Blige,284519.0,0
Tay-K,Tay-K,45761762.0,0
FRENSHIP,FRENSHIP,47959157.0,0
BoyPanda,BoyPanda,44768.0,0
VillaBanks,VillaBanks,70535076.0,0
Spice Girls,Spice Girls,417497.0,1
Death Cab for Cutie,Death Cab for Cutie,5052724.0,0
Famba,Famba,214906.0,0
SHINee,SHINee,1893509.0,0
Joji,Joji,980339079.0,1
Dido,Dido,89467130.0,0
Conan Gray,Conan Gray,1294427345.0,1
Ultimo,Ultimo,70801000.0,1
Duke Dumont,Duke Dumont,58080.0,0
Zac Brown Band,Zac Brown Band,36834933.0,1
Fuego,Fuego,142732694.0,0
Xamã,Xamã,584581587.0,0
Tony Dize,Tony Dize,279925370.0,0
Stereophonics,Stereophonics,6717469.0,0
Avicii,Avicii,2391626531.0,7
Lil Dicky,Lil Dicky,361634643.0,1
Red Velvet,Red Velvet,137545232.0,1
Young Scooter,Young Scooter,5492731.0,0
ICEHOUSE,ICEHOUSE,247855.0,0
Puri,Puri,13638425.0,0
Брутто,Брутто,53333.0,0
CHUNG HA,CHUNG HA,1254084.0,0
BTS,BTS,7735053360.0,3
Alok,Alok,519243206.0,2
MC Maneirinho,MC Maneirinho,8725447.0,0
Arctic Monkeys,Arctic Monkeys,1146810533.0,2
Becky G,Becky G,2559270946.0,5
Dzeko,Dzeko,394343157.0,0
Stanaj,Stanaj,38669233.0,0
Calvin Harris,Calvin Harris,3565818826.0,10
Moneybagg Yo,Moneybagg Yo,254467241.0,0
Jarabe De Palo,Jarabe De Palo,17791308.0,0
Charles Ans,Charles Ans,12527441.0,0
Henri PFR,Henri PFR,214906.0,0
Frank Walker,Frank Walker,5373511.0,0
Gigi D'Agostino,Gigi D'Agostino,681849867.0,0
Hozier,Hozier,610462020.0,2
Joel Adams,Joel Adams,5782829.0,1
j mena,j mena,1198306.0,0
18 Kilates,18 Kilates,367666.0,0
VÉRITÉ,VÉRITÉ,2753947.0,0
Nirvana,Nirvana,773642129.0,1
Kush Kush,Kush Kush,2248927.0,0
Jonasu,Jonasu,51578104.0,0
J Balvin,J Balvin,16787113410.0,8
Dalex,Dalex,1971633712.0,5
Stevie Nicks,Stevie Nicks,3236589.0,0
Eminem,Eminem,4614260765.0,11
Georgia Ku,Georgia Ku,32543251.0,0
Trey Songz,Trey Songz,93704380.0,0
INNA,INNA,8503683.0,0
Lil Pump,Lil Pump,1200682400.0,0
Lefty Sm,Lefty Sm,49523596.0,0
Mike Bahía,Mike Bahía,20859461.0,1
Petit Biscuit,Petit Biscuit,99383057.0,1
Kevin,Kevin,110160718.0,0
Curren$y,Curren$y,6455.0,0
Yasmin Santos,Yasmin Santos,16418729.0,1
Internet Money,Internet Money,1292733478.0,1
Meek Mill,Meek Mill,704354222.0,1
Chromeo,Chromeo,6088.0,0
Joshi Mizu,Joshi Mizu,660930.0,0
Onur Atli,Onur Atli,,0
ATYPISK,ATYPISK,3078173.0,0
One Direction,One Direction,178921517.0,4
Ivy Queen,Ivy Queen,27121703.0,0
Maxwell,Maxwell,115607789.0,0
Mitski,Mitski,40182302.0,0
Vybz Kartel,Vybz Kartel,4599461.0,0
Night Lovell,Night Lovell,16681555.0,0
Tabitha,Tabitha,21081212.0,0
Xabski,Xabski,1670276.0,0
Iyaz,Iyaz,99796.0,0
Manny,Manny,1032281.0,0
Destiny's Child,Destiny's Child,7879596.0,1
PNAU,PNAU,1927276670.0,0
Maisie Peters,Maisie Peters,2262481.0,0
Kina,Kina,527119758.0,2
Haftbefehl,Haftbefehl,33831252.0,0
NODE,NODE,17953828.0,0
Dean Lewis,Dean Lewis,1035780117.0,1
CORSAK,CORSAK,1791558.0,0
KREAM,KREAM,22089401.0,0
Ñejo,Ñejo,24682612.0,0
6ix9ine,6ix9ine,1919875792.0,0
NOËP,NOËP,293424.0,0
U2,U2,46062109.0,3
Rich Music LTD,Rich Music LTD,224200739.0,5
Jovem Dex,Jovem Dex,648232.0,0
Fivio Foreign,Fivio Foreign,525295653.0,0
Moli,Moli,978503.0,0
Phoebe Bridgers,Phoebe Bridgers,45810093.0,0
Franco126,Franco126,38757190.0,0
Paloma Faith,Paloma Faith,87127202.0,0
Keri Hilson,Keri Hilson,10202587.0,0
Bohemia,Bohemia,21240384.0,0
Jory Boy,Jory Boy,440071.0,0
Mr. Probz,Mr. Probz,2632961.0,1
JONES,JONES,56339.0,0
G Herbo,G Herbo,153981264.0,0
grandson,grandson,3028643.0,0
Imenella,Imenella,144380.0,0
Chris Brown,Chris Brown,1866675393.0,2
Gilli,Gilli,110518579.0,0
MC Loma e As Gêmeas Lacração,MC Loma e As Gêmeas Lacração,3854154.0,0
CHO,CHO,9325468.0,0
Madonna,Madonna,18255002.0,0
Sofi Tukker,Sofi Tukker,1238332.0,0
Zay Hilfigerrr,Zay Hilfigerrr,23632275.0,0
Kash Doll,Kash Doll,3752647.0,0
C.R.O,C.R.O,17447877.0,0
MadeinTYO,MadeinTYO,28042489.0,0
Flipp Dinero,Flipp Dinero,237539689.0,2
Charly Black,Charly Black,54389307.0,0
Jass Manak,Jass Manak,19908376.0,0
Lana Del Rey,Lana Del Rey,367695251.0,2
Luis Fonsi,Luis Fonsi,2640349139.0,4
Thirty Seconds To Mars,Thirty Seconds To Mars,3278983.0,0
Omar Apollo,Omar Apollo,4030472.0,0
Silva,Silva,15783441.0,0
Bea Miller,Bea Miller,117632779.0,0
Walk Off the Earth,Walk Off the Earth,933443.0,0
Jorja Smith,Jorja Smith,139097803.0,1
JACKBOYS,JACKBOYS,272183726.0,3
Cartel De Santa,Cartel De Santa,196698345.0,0
keshi,keshi,18152339.0,0
Dr. Dre,Dr. Dre,244115642.0,1
Malibu,Malibu,12182370.0,0
Apache 207,Apache 207,562575702.0,2
Gaullin,Gaullin,36808097.0,1
Santa Fe Klan,Santa Fe Klan,533010194.0,0
Sarcastic Sounds,Sarcastic Sounds,13773935.0,0
Rema,Rema,60742249.0,0
India Martinez,India Martinez,1267946.0,0
Pol Granch,Pol Granch,512432231.0,0
Leslie Grace,Leslie Grace,66180783.0,0
Remik Gonzalez,Remik Gonzalez,5376921.0,0
Natalia Lacunza,Natalia Lacunza,5007884.0,0
Ruel,Ruel,4611223.0,1
Sorriso Maroto,Sorriso Maroto,4073870.0,0
Mike Posner,Mike Posner,183900705.0,1
Gianna Nannini,Gianna Nannini,1732158.0,0
Turma do Pagode,Turma do Pagode,15179536.0,0
Baby Rasta,Baby Rasta,13011.0,0
Jess Glynne,Jess Glynne,612130037.0,0
Anuel AA,Anuel AA,7426593885.0,4
Dilsinho,Dilsinho,349683474.0,0
SZA,SZA,4838089594.0,3
James Hersey,James Hersey,9555506.0,0
Galantis,Galantis,462830103.0,2
Jhay Cortez,Jhay Cortez,6264921203.0,4
Isac Elliot,Isac Elliot,4139272.0,0
Sero El Mero,Sero El Mero,612820.0,0
Jeremih,Jeremih,17004943.0,0
De La Ghetto,De La Ghetto,787388979.0,0
Marc Anthony,Marc Anthony,40817134.0,1
Lil Tecca,Lil Tecca,1100170766.0,1
Eiffel 65,Eiffel 65,5995116.0,0
Of Monsters and Men,Of Monsters and Men,3467658.0,1
DJ Tune,DJ Tune,193948.0,0
Charli XCX,Charli XCX,543658078.0,0
Sheppard,Sheppard,6919259.0,0
Pusha T,Pusha T,80418651.0,0
